row_id,rota_id,date,shift_id,staff_id
1,ro001,2/1/2022,sh001,W1763
2,ro002,2/1/2022,sh001,H2843
3,ro003,2/1/2022,sh001,Z2504
4,ro004,2/1/2022,sh001,H8818
5,ro005,2/2/2022,sh002,E9371
6,ro006,2/2/2022,sh002,H2843
7,ro007,2/2/2022,sh002,Z2504
8,ro008,2/2/2022,sh002,H8818
9,ro009,2/3/2022,sh003,R3650
10,ro010,2/3/2022,sh003,J4757
11,ro011,2/3/2022,sh003,Z4564
12,ro012,2/3/2022,sh003,U3064
13,ro013,2/4/2022,sh004,W1763
14,ro014,2/4/2022,sh004,H2843
15,ro015,2/4/2022,sh004,Z2504
16,ro016,2/4/2022,sh004,H8818
17,ro017,2/5/2022,sh005,E9371
18,ro018,2/5/2022,sh005,H2843
19,ro019,2/5/2022,sh005,Z2504
20,ro020,2/5/2022,sh005,H8818
21,ro021,2/6/2022,sh006,R3650
22,ro022,2/6/2022,sh006,J4757
23,ro023,2/6/2022,sh006,Z4564
24,ro024,2/6/2022,sh006,U3064
25,ro025,2/7/2022,sh007,W1763
26,ro026,2/7/2022,sh007,H2843
27,ro027,2/7/2022,sh007,Z2504
28,ro028,2/7/2022,sh007,H8818
29,ro029,2/8/2022,sh008,E9371
30,ro030,2/8/2022,sh008,H2843
31,ro031,2/8/2022,sh008,Z2504
32,ro032,2/8/2022,sh008,H8818
33,ro033,2/9/2022,sh009,R3650
34,ro034,2/9/2022,sh009,J4757
35,ro035,2/9/2022,sh009,Z4564
36,ro036,2/9/2022,sh009,U3064
37,ro037,2/10/2022,sh010,W1763
38,ro038,2/10/2022,sh010,H2843
39,ro039,2/10/2022,sh010,Z2504
40,ro040,2/10/2022,sh010,H8818
41,ro041,2/11/2022,sh011,E9371
42,ro042,2/11/2022,sh011,H2843
43,ro043,2/11/2022,sh011,Z2504
44,ro044,2/11/2022,sh011,H8818
45,ro045,2/12/2022,sh012,R3650
46,ro046,2/12/2022,sh012,J4757
47,ro047,2/12/2022,sh012,Z4564
48,ro048,2/12/2022,sh012,U3064
49,ro049,2/13/2022,sh013,W1763
50,ro050,2/13/2022,sh013,H2843
51,ro051,2/13/2022,sh013,Z2504
52,ro052,2/13/2022,sh013,H8818
53,ro053,2/14/2022,sh014,E9371
54,ro054,2/14/2022,sh014,H2843
55,ro055,2/14/2022,sh014,Z2504
56,ro056,2/14/2022,sh014,H8818
57,ro057,2/15/2022,sh015,R3650
58,ro058,2/15/2022,sh015,J4757
59,ro059,2/15/2022,sh015,Z4564
60,ro060,2/15/2022,sh015,U3064
61,ro061,2/16/2022,sh016,W1763
62,ro062,2/16/2022,sh016,H2843
63,ro063,2/16/2022,sh016,Z2504
64,ro064,2/16/2022,sh016,H8818
65,ro065,2/17/2022,sh017,E9371
66,ro066,2/17/2022,sh017,H2843
67,ro067,2/17/2022,sh017,Z2504
68,ro068,2/17/2022,sh017,H8818
69,ro069,2/18/2022,sh018,R3650
70,ro070,2/18/2022,sh018,J4757
71,ro071,2/18/2022,sh018,Z4564
72,ro072,2/18/2022,sh018,U3064
73,ro073,2/19/2022,sh001,W1763
74,ro074,2/19/2022,sh001,H2843
75,ro075,2/19/2022,sh001,Z2504
76,ro076,2/19/2022,sh001,H8818
77,ro077,2/20/2022,sh002,E9371
78,ro078,2/20/2022,sh002,H2843
79,ro079,2/20/2022,sh002,Z2504
80,ro080,2/20/2022,sh002,H8818
81,ro081,2/21/2022,sh003,R3650
82,ro082,2/21/2022,sh003,J4757
83,ro083,2/21/2022,sh003,Z4564
84,ro084,2/21/2022,sh003,U3064
85,ro085,2/22/2022,sh004,W1763
86,ro086,2/22/2022,sh004,H2843
87,ro087,2/22/2022,sh004,Z2504
88,ro088,2/22/2022,sh004,H8818
89,ro089,2/23/2022,sh005,E9371
90,ro090,2/23/2022,sh005,H2843
91,ro091,2/23/2022,sh005,Z2504
92,ro092,2/23/2022,sh005,H8818
93,ro093,2/24/2022,sh006,R3650
94,ro094,2/24/2022,sh006,J4757
95,ro095,2/24/2022,sh006,Z4564
96,ro096,2/24/2022,sh006,U3064
97,ro097,2/25/2022,sh007,W1763
98,ro098,2/25/2022,sh007,H2843
99,ro099,2/25/2022,sh007,Z2504
100,ro100,2/25/2022,sh007,H8818
101,ro101,2/26/2022,sh008,E9371
102,ro102,2/26/2022,sh008,H2843
103,ro103,2/26/2022,sh008,Z2504
104,ro104,2/26/2022,sh008,H8818
105,ro105,2/27/2022,sh009,R3650
106,ro106,2/27/2022,sh009,J4757
107,ro107,2/27/2022,sh009,Z4564
108,ro108,2/27/2022,sh009,U3064
109,ro109,2/28/2022,sh010,W1763
110,ro110,2/28/2022,sh010,H2843
111,ro111,2/28/2022,sh010,Z2504
112,ro112,2/28/2022,sh010,H8818
113,ro113,3/1/2022,sh011,E9371
114,ro114,3/1/2022,sh011,H2843
115,ro115,3/1/2022,sh011,Z2504
116,ro116,3/1/2022,sh011,H8818
117,ro117,3/2/2022,sh012,R3650
118,ro118,3/2/2022,sh012,J4757
119,ro119,3/2/2022,sh012,Z4564
120,ro120,3/2/2022,sh012,U3064
121,ro121,3/3/2022,sh013,W1763
122,ro122,3/3/2022,sh013,H2843
123,ro123,3/3/2022,sh013,Z2504
124,ro124,3/3/2022,sh013,H8818
125,ro125,3/4/2022,sh014,E9371
126,ro126,3/4/2022,sh014,H2843
127,ro127,3/4/2022,sh014,Z2504
128,ro128,3/4/2022,sh014,H8818
129,ro129,3/5/2022,sh015,R3650
130,ro130,3/5/2022,sh015,J4757
131,ro131,3/5/2022,sh015,Z4564
132,ro132,3/5/2022,sh015,U3064
133,ro133,3/6/2022,sh016,W1763
134,ro134,3/6/2022,sh016,H2843
135,ro135,3/6/2022,sh016,Z2504
136,ro136,3/6/2022,sh016,H8818
137,ro137,3/7/2022,sh017,E9371
138,ro138,3/7/2022,sh017,H2843
139,ro139,3/7/2022,sh017,Z2504
140,ro140,3/7/2022,sh017,H8818
141,ro141,3/8/2022,sh018,R3650
142,ro142,3/8/2022,sh018,J4757
143,ro143,3/8/2022,sh018,Z4564
144,ro144,3/8/2022,sh018,U3064
145,ro145,3/9/2022,sh001,W1763
146,ro146,3/9/2022,sh001,H2843
147,ro147,3/9/2022,sh001,Z2504
148,ro148,3/9/2022,sh001,H8818
149,ro149,3/10/2022,sh002,E9371
150,ro150,3/10/2022,sh002,H2843
151,ro151,3/10/2022,sh002,Z2504
152,ro152,3/10/2022,sh002,H8818
153,ro153,3/11/2022,sh003,R3650
154,ro154,3/11/2022,sh003,J4757
155,ro155,3/11/2022,sh003,Z4564
156,ro156,3/11/2022,sh003,U3064
157,ro157,3/12/2022,sh004,W1763
158,ro158,3/12/2022,sh004,H2843
159,ro159,3/12/2022,sh004,Z2504
160,ro160,3/12/2022,sh004,H8818
161,ro161,3/13/2022,sh005,E9371
162,ro162,3/13/2022,sh005,H2843
163,ro163,3/13/2022,sh005,Z2504
164,ro164,3/13/2022,sh005,H8818
165,ro165,3/14/2022,sh006,R3650
166,ro166,3/14/2022,sh006,J4757
167,ro167,3/14/2022,sh006,Z4564
168,ro168,3/14/2022,sh006,U3064
169,ro169,3/15/2022,sh007,W1763
170,ro170,3/15/2022,sh007,H2843
171,ro171,3/15/2022,sh007,Z2504
172,ro172,3/15/2022,sh007,H8818
173,ro173,3/16/2022,sh008,E9371
174,ro174,3/16/2022,sh008,H2843
175,ro175,3/16/2022,sh008,Z2504
176,ro176,3/16/2022,sh008,H8818
177,ro177,3/17/2022,sh009,R3650
178,ro178,3/17/2022,sh009,J4757
179,ro179,3/17/2022,sh009,Z4564
180,ro180,3/17/2022,sh009,U3064
181,ro181,3/18/2022,sh010,W1763
182,ro182,3/18/2022,sh010,H2843
183,ro183,3/18/2022,sh010,Z2504
184,ro184,3/18/2022,sh010,H8818
185,ro185,3/19/2022,sh011,E9371
186,ro186,3/19/2022,sh011,H2843
187,ro187,3/19/2022,sh011,Z2504
188,ro188,3/19/2022,sh011,H8818
189,ro189,3/20/2022,sh012,R3650
190,ro190,3/20/2022,sh012,J4757
191,ro191,3/20/2022,sh012,Z4564
192,ro192,3/20/2022,sh012,U3064
193,ro193,3/21/2022,sh013,W1763
194,ro194,3/21/2022,sh013,H2843
195,ro195,3/21/2022,sh013,Z2504
196,ro196,3/21/2022,sh013,H8818
197,ro197,3/22/2022,sh014,E9371
198,ro198,3/22/2022,sh014,H2843
199,ro199,3/22/2022,sh014,Z2504
200,ro200,3/22/2022,sh014,H8818
201,ro201,3/23/2022,sh015,R3650
202,ro202,3/23/2022,sh015,J4757
203,ro203,3/23/2022,sh015,Z4564
204,ro204,3/23/2022,sh015,U3064
205,ro205,3/24/2022,sh016,W1763
206,ro206,3/24/2022,sh016,H2843
207,ro207,3/24/2022,sh016,Z2504
208,ro208,3/24/2022,sh016,H8818
209,ro209,3/25/2022,sh017,E9371
210,ro210,3/25/2022,sh017,H2843
211,ro211,3/25/2022,sh017,Z2504
212,ro212,3/25/2022,sh017,H8818
213,ro213,3/26/2022,sh018,R3650
214,ro214,3/26/2022,sh018,J4757
215,ro215,3/26/2022,sh018,Z4564
216,ro216,3/26/2022,sh018,U3064
217,ro217,3/27/2022,sh001,W1763
218,ro218,3/27/2022,sh001,H2843
219,ro219,3/27/2022,sh001,Z2504
220,ro220,3/27/2022,sh001,H8818
221,ro221,3/28/2022,sh002,E9371
222,ro222,3/28/2022,sh002,H2843
223,ro223,3/28/2022,sh002,Z2504
224,ro224,3/28/2022,sh002,H8818
225,ro225,3/29/2022,sh003,R3650
226,ro226,3/29/2022,sh003,J4757
227,ro227,3/29/2022,sh003,Z4564
228,ro228,3/29/2022,sh003,U3064
229,ro229,3/30/2022,sh004,W1763
230,ro230,3/30/2022,sh004,H2843
231,ro231,3/30/2022,sh004,Z2504
232,ro232,3/30/2022,sh004,H8818
233,ro233,3/31/2022,sh005,E9371
234,ro234,3/31/2022,sh005,H2843
235,ro235,3/31/2022,sh005,Z2504
236,ro236,3/31/2022,sh005,H8818
237,ro237,4/1/2022,sh006,R3650
238,ro238,4/1/2022,sh006,J4757
239,ro239,4/1/2022,sh006,Z4564
240,ro240,4/1/2022,sh006,U3064
241,ro241,4/2/2022,sh007,W1763
242,ro242,4/2/2022,sh007,H2843
243,ro243,4/2/2022,sh007,Z2504
244,ro244,4/2/2022,sh007,H8818
245,ro245,4/3/2022,sh008,E9371
246,ro246,4/3/2022,sh008,H2843
247,ro247,4/3/2022,sh008,Z2504
248,ro248,4/3/2022,sh008,H8818
249,ro249,4/4/2022,sh009,R3650
250,ro250,4/4/2022,sh009,J4757
251,ro251,4/4/2022,sh009,Z4564
252,ro252,4/4/2022,sh009,U3064
253,ro253,4/5/2022,sh010,W1763
254,ro254,4/5/2022,sh010,H2843
255,ro255,4/5/2022,sh010,Z2504
256,ro256,4/5/2022,sh010,H8818
257,ro257,4/6/2022,sh011,E9371
258,ro258,4/6/2022,sh011,H2843
259,ro259,4/6/2022,sh011,Z2504
260,ro260,4/6/2022,sh011,H8818
261,ro261,4/7/2022,sh012,R3650
262,ro262,4/7/2022,sh012,J4757
263,ro263,4/7/2022,sh012,Z4564
264,ro264,4/7/2022,sh012,U3064
265,ro265,4/8/2022,sh013,W1763
266,ro266,4/8/2022,sh013,H2843
267,ro267,4/8/2022,sh013,Z2504
268,ro268,4/8/2022,sh013,H8818
269,ro269,4/9/2022,sh014,E9371
270,ro270,4/9/2022,sh014,H2843
271,ro271,4/9/2022,sh014,Z2504
272,ro272,4/9/2022,sh014,H8818
273,ro273,4/10/2022,sh015,R3650
274,ro274,4/10/2022,sh015,J4757
275,ro275,4/10/2022,sh015,Z4564
276,ro276,4/10/2022,sh015,U3064
277,ro277,4/11/2022,sh016,W1763
278,ro278,4/11/2022,sh016,H2843
279,ro279,4/11/2022,sh016,Z2504
280,ro280,4/11/2022,sh016,H8818
281,ro281,4/12/2022,sh017,E9371
282,ro282,4/12/2022,sh017,H2843
283,ro283,4/12/2022,sh017,Z2504
284,ro284,4/12/2022,sh017,H8818
285,ro285,4/13/2022,sh018,R3650
286,ro286,4/13/2022,sh018,J4757
287,ro287,4/13/2022,sh018,Z4564
288,ro288,4/13/2022,sh018,U3064
289,ro289,4/14/2022,sh001,W1763
290,ro290,4/14/2022,sh001,H2843
291,ro291,4/14/2022,sh001,Z2504
292,ro292,4/14/2022,sh001,H8818
293,ro293,4/15/2022,sh002,E9371
294,ro294,4/15/2022,sh002,H2843
295,ro295,4/15/2022,sh002,Z2504
296,ro296,4/15/2022,sh002,H8818
297,ro297,4/16/2022,sh003,R3650
298,ro298,4/16/2022,sh003,J4757
299,ro299,4/16/2022,sh003,Z4564
300,ro300,4/16/2022,sh003,U3064
301,ro301,4/17/2022,sh004,W1763
302,ro302,4/17/2022,sh004,H2843
303,ro303,4/17/2022,sh004,Z2504
304,ro304,4/17/2022,sh004,H8818
305,ro305,4/18/2022,sh005,E9371
306,ro306,4/18/2022,sh005,H2843
307,ro307,4/18/2022,sh005,Z2504
308,ro308,4/18/2022,sh005,H8818
309,ro309,4/19/2022,sh006,R3650
310,ro310,4/19/2022,sh006,J4757
311,ro311,4/19/2022,sh006,Z4564
312,ro312,4/19/2022,sh006,U3064
313,ro313,4/20/2022,sh007,W1763
314,ro314,4/20/2022,sh007,H2843
315,ro315,4/20/2022,sh007,Z2504
316,ro316,4/20/2022,sh007,H8818
317,ro317,4/21/2022,sh008,E9371
318,ro318,4/21/2022,sh008,H2843
319,ro319,4/21/2022,sh008,Z2504
320,ro320,4/21/2022,sh008,H8818
321,ro321,4/22/2022,sh009,R3650
322,ro322,4/22/2022,sh009,J4757
323,ro323,4/22/2022,sh009,Z4564
324,ro324,4/22/2022,sh009,U3064
325,ro325,4/23/2022,sh010,W1763
326,ro326,4/23/2022,sh010,H2843
327,ro327,4/23/2022,sh010,Z2504
328,ro328,4/23/2022,sh010,H8818
329,ro329,4/24/2022,sh011,E9371
330,ro330,4/24/2022,sh011,H2843
331,ro331,4/24/2022,sh011,Z2504
332,ro332,4/24/2022,sh011,H8818
333,ro333,4/25/2022,sh012,R3650
334,ro334,4/25/2022,sh012,J4757
335,ro335,4/25/2022,sh012,Z4564
336,ro336,4/25/2022,sh012,U3064
337,ro337,4/26/2022,sh013,W1763
338,ro338,4/26/2022,sh013,H2843
339,ro339,4/26/2022,sh013,Z2504
340,ro340,4/26/2022,sh013,H8818
341,ro341,4/27/2022,sh014,E9371
342,ro342,4/27/2022,sh014,H2843
343,ro343,4/27/2022,sh014,Z2504
344,ro344,4/27/2022,sh014,H8818
345,ro345,4/28/2022,sh015,R3650
346,ro346,4/28/2022,sh015,J4757
347,ro347,4/28/2022,sh015,Z4564
348,ro348,4/28/2022,sh015,U3064
349,ro349,4/29/2022,sh016,W1763
350,ro350,4/29/2022,sh016,H2843
351,ro351,4/29/2022,sh016,Z2504
352,ro352,4/29/2022,sh016,H8818
353,ro353,4/30/2022,sh017,E9371
354,ro354,4/30/2022,sh017,H2843
355,ro355,4/30/2022,sh017,Z2504
356,ro356,4/30/2022,sh017,H8818
357,ro357,5/1/2022,sh018,R3650
358,ro358,5/1/2022,sh018,J4757
359,ro359,5/1/2022,sh018,Z4564
360,ro360,5/1/2022,sh018,U3064
361,ro361,5/2/2022,sh001,W1763
362,ro362,5/2/2022,sh001,H2843
363,ro363,5/2/2022,sh001,Z2504
364,ro364,5/2/2022,sh001,H8818
365,ro365,5/3/2022,sh002,E9371
366,ro366,5/3/2022,sh002,H2843
367,ro367,5/3/2022,sh002,Z2504
368,ro368,5/3/2022,sh002,H8818
369,ro369,5/4/2022,sh003,R3650
370,ro370,5/4/2022,sh003,J4757
371,ro371,5/4/2022,sh003,Z4564
372,ro372,5/4/2022,sh003,U3064
373,ro373,5/5/2022,sh004,W1763
374,ro374,5/5/2022,sh004,H2843
375,ro375,5/5/2022,sh004,Z2504
376,ro376,5/5/2022,sh004,H8818
377,ro377,5/6/2022,sh005,E9371
378,ro378,5/6/2022,sh005,H2843
379,ro379,5/6/2022,sh005,Z2504
380,ro380,5/6/2022,sh005,H8818
381,ro381,5/7/2022,sh006,R3650
382,ro382,5/7/2022,sh006,J4757
383,ro383,5/7/2022,sh006,Z4564
384,ro384,5/7/2022,sh006,U3064
385,ro385,5/8/2022,sh007,W1763
386,ro386,5/8/2022,sh007,H2843
387,ro387,5/8/2022,sh007,Z2504
388,ro388,5/8/2022,sh007,H8818
389,ro389,5/9/2022,sh008,E9371
390,ro390,5/9/2022,sh008,H2843
391,ro391,5/9/2022,sh008,Z2504
392,ro392,5/9/2022,sh008,H8818
393,ro393,5/10/2022,sh009,R3650
394,ro394,5/10/2022,sh009,J4757
395,ro395,5/10/2022,sh009,Z4564
396,ro396,5/10/2022,sh009,U3064
397,ro397,5/11/2022,sh010,W1763
398,ro398,5/11/2022,sh010,H2843
399,ro399,5/11/2022,sh010,Z2504
400,ro400,5/11/2022,sh010,H8818
401,ro401,5/12/2022,sh011,E9371
402,ro402,5/12/2022,sh011,H2843
403,ro403,5/12/2022,sh011,Z2504
404,ro404,5/12/2022,sh011,H8818
405,ro405,5/13/2022,sh012,R3650
406,ro406,5/13/2022,sh012,J4757
407,ro407,5/13/2022,sh012,Z4564
408,ro408,5/13/2022,sh012,U3064
409,ro409,5/14/2022,sh013,W1763
410,ro410,5/14/2022,sh013,H2843
411,ro411,5/14/2022,sh013,Z2504
412,ro412,5/14/2022,sh013,H8818
413,ro413,5/15/2022,sh014,E9371
414,ro414,5/15/2022,sh014,H2843
415,ro415,5/15/2022,sh014,Z2504
416,ro416,5/15/2022,sh014,H8818
417,ro417,5/16/2022,sh015,R3650
418,ro418,5/16/2022,sh015,J4757
419,ro419,5/16/2022,sh015,Z4564
420,ro420,5/16/2022,sh015,U3064
421,ro421,5/17/2022,sh016,W1763
422,ro422,5/17/2022,sh016,H2843
423,ro423,5/17/2022,sh016,Z2504
424,ro424,5/17/2022,sh016,H8818
425,ro425,5/18/2022,sh017,E9371
426,ro426,5/18/2022,sh017,H2843
427,ro427,5/18/2022,sh017,Z2504
428,ro428,5/18/2022,sh017,H8818
429,ro429,5/19/2022,sh018,R3650
430,ro430,5/19/2022,sh018,J4757
431,ro431,5/19/2022,sh018,Z4564
432,ro432,5/19/2022,sh018,U3064
433,ro433,5/20/2022,sh001,W1763
434,ro434,5/20/2022,sh001,H2843
435,ro435,5/20/2022,sh001,Z2504
436,ro436,5/20/2022,sh001,H8818
437,ro437,5/21/2022,sh002,E9371
438,ro438,5/21/2022,sh002,H2843
439,ro439,5/21/2022,sh002,Z2504
440,ro440,5/21/2022,sh002,H8818
441,ro441,5/22/2022,sh003,R3650
442,ro442,5/22/2022,sh003,J4757
443,ro443,5/22/2022,sh003,Z4564
444,ro444,5/22/2022,sh003,U3064
445,ro445,5/23/2022,sh004,W1763
446,ro446,5/23/2022,sh004,H2843
447,ro447,5/23/2022,sh004,Z2504
448,ro448,5/23/2022,sh004,H8818
449,ro449,5/24/2022,sh005,E9371
450,ro450,5/24/2022,sh005,H2843
451,ro451,5/24/2022,sh005,Z2504
452,ro452,5/24/2022,sh005,H8818
453,ro453,5/25/2022,sh006,R3650
454,ro454,5/25/2022,sh006,J4757
455,ro455,5/25/2022,sh006,Z4564
456,ro456,5/25/2022,sh006,U3064
457,ro457,5/26/2022,sh007,W1763
458,ro458,5/26/2022,sh007,H2843
459,ro459,5/26/2022,sh007,Z2504
460,ro460,5/26/2022,sh007,H8818
461,ro461,5/27/2022,sh008,E9371
462,ro462,5/27/2022,sh008,H2843
463,ro463,5/27/2022,sh008,Z2504
464,ro464,5/27/2022,sh008,H8818
465,ro465,5/28/2022,sh009,R3650
466,ro466,5/28/2022,sh009,J4757
467,ro467,5/28/2022,sh009,Z4564
468,ro468,5/28/2022,sh009,U3064
469,ro469,5/29/2022,sh010,W1763
470,ro470,5/29/2022,sh010,H2843
471,ro471,5/29/2022,sh010,Z2504
472,ro472,5/29/2022,sh010,H8818
473,ro473,5/30/2022,sh011,E9371
474,ro474,5/30/2022,sh011,H2843
475,ro475,5/30/2022,sh011,Z2504
476,ro476,5/30/2022,sh011,H8818
477,ro477,5/31/2022,sh012,R3650
478,ro478,5/31/2022,sh012,J4757
479,ro479,5/31/2022,sh012,Z4564
480,ro480,5/31/2022,sh012,U3064
481,ro481,6/1/2022,sh013,W1763
482,ro482,6/1/2022,sh013,H2843
483,ro483,6/1/2022,sh013,Z2504
484,ro484,6/1/2022,sh013,H8818
485,ro485,6/2/2022,sh014,E9371
486,ro486,6/2/2022,sh014,H2843
487,ro487,6/2/2022,sh014,Z2504
488,ro488,6/2/2022,sh014,H8818
489,ro489,6/3/2022,sh015,R3650
490,ro490,6/3/2022,sh015,J4757
491,ro491,6/3/2022,sh015,Z4564
492,ro492,6/3/2022,sh015,U3064
493,ro493,6/4/2022,sh016,W1763
494,ro494,6/4/2022,sh016,H2843
495,ro495,6/4/2022,sh016,Z2504
496,ro496,6/4/2022,sh016,H8818
497,ro497,6/5/2022,sh017,E9371
498,ro498,6/5/2022,sh017,H2843
499,ro499,6/5/2022,sh017,Z2504
500,ro500,6/5/2022,sh017,H8818
501,ro501,6/6/2022,sh018,R3650
502,ro502,6/6/2022,sh018,J4757
503,ro503,6/6/2022,sh018,Z4564
504,ro504,6/6/2022,sh018,U3064
505,ro505,6/7/2022,sh001,W1763
506,ro506,6/7/2022,sh001,H2843
507,ro507,6/7/2022,sh001,Z2504
508,ro508,6/7/2022,sh001,H8818
509,ro509,6/8/2022,sh002,E9371
510,ro510,6/8/2022,sh002,H2843
511,ro511,6/8/2022,sh002,Z2504
512,ro512,6/8/2022,sh002,H8818
513,ro513,6/9/2022,sh003,R3650
514,ro514,6/9/2022,sh003,J4757
515,ro515,6/9/2022,sh003,Z4564
516,ro516,6/9/2022,sh003,U3064
517,ro517,6/10/2022,sh004,W1763
518,ro518,6/10/2022,sh004,H2843
519,ro519,6/10/2022,sh004,Z2504
520,ro520,6/10/2022,sh004,H8818
521,ro521,6/11/2022,sh005,E9371
522,ro522,6/11/2022,sh005,H2843
523,ro523,6/11/2022,sh005,Z2504
524,ro524,6/11/2022,sh005,H8818
525,ro525,6/12/2022,sh006,R3650
526,ro526,6/12/2022,sh006,J4757
527,ro527,6/12/2022,sh006,Z4564
528,ro528,6/12/2022,sh006,U3064
529,ro529,6/13/2022,sh007,W1763
530,ro530,6/13/2022,sh007,H2843
531,ro531,6/13/2022,sh007,Z2504
532,ro532,6/13/2022,sh007,H8818
533,ro533,6/14/2022,sh008,E9371
534,ro534,6/14/2022,sh008,H2843
535,ro535,6/14/2022,sh008,Z2504
536,ro536,6/14/2022,sh008,H8818
537,ro537,6/15/2022,sh009,R3650
538,ro538,6/15/2022,sh009,J4757
539,ro539,6/15/2022,sh009,Z4564
540,ro540,6/15/2022,sh009,U3064
541,ro541,6/16/2022,sh010,W1763
542,ro542,6/16/2022,sh010,H2843
543,ro543,6/16/2022,sh010,Z2504
544,ro544,6/16/2022,sh010,H8818
545,ro545,6/17/2022,sh011,E9371
546,ro546,6/17/2022,sh011,H2843
547,ro547,6/17/2022,sh011,Z2504
548,ro548,6/17/2022,sh011,H8818
549,ro549,6/18/2022,sh012,R3650
550,ro550,6/18/2022,sh012,J4757
551,ro551,6/18/2022,sh012,Z4564
552,ro552,6/18/2022,sh012,U3064
553,ro553,6/19/2022,sh013,W1763
554,ro554,6/19/2022,sh013,H2843
555,ro555,6/19/2022,sh013,Z2504
556,ro556,6/19/2022,sh013,H8818
557,ro557,6/20/2022,sh014,E9371
558,ro558,6/20/2022,sh014,H2843
559,ro559,6/20/2022,sh014,Z2504
560,ro560,6/20/2022,sh014,H8818
561,ro561,6/21/2022,sh015,R3650
562,ro562,6/21/2022,sh015,J4757
563,ro563,6/21/2022,sh015,Z4564
564,ro564,6/21/2022,sh015,U3064
565,ro565,6/22/2022,sh016,W1763
566,ro566,6/22/2022,sh016,H2843
567,ro567,6/22/2022,sh016,Z2504
568,ro568,6/22/2022,sh016,H8818
569,ro569,6/23/2022,sh017,E9371
570,ro570,6/23/2022,sh017,H2843
571,ro571,6/23/2022,sh017,Z2504
572,ro572,6/23/2022,sh017,H8818
573,ro573,6/24/2022,sh018,R3650
574,ro574,6/24/2022,sh018,J4757
575,ro575,6/24/2022,sh018,Z4564
576,ro576,6/24/2022,sh018,U3064
577,ro577,6/25/2022,sh001,W1763
578,ro578,6/25/2022,sh001,H2843
579,ro579,6/25/2022,sh001,Z2504
580,ro580,6/25/2022,sh001,H8818
581,ro581,6/26/2022,sh002,E9371
582,ro582,6/26/2022,sh002,H2843
583,ro583,6/26/2022,sh002,Z2504
584,ro584,6/26/2022,sh002,H8818
585,ro585,6/27/2022,sh003,R3650
586,ro586,6/27/2022,sh003,J4757
587,ro587,6/27/2022,sh003,Z4564
588,ro588,6/27/2022,sh003,U3064
589,ro589,6/28/2022,sh004,W1763
590,ro590,6/28/2022,sh004,H2843
591,ro591,6/28/2022,sh004,Z2504
592,ro592,6/28/2022,sh004,H8818
593,ro593,6/29/2022,sh005,E9371
594,ro594,6/29/2022,sh005,H2843
595,ro595,6/29/2022,sh005,Z2504
596,ro596,6/29/2022,sh005,H8818
597,ro597,6/30/2022,sh006,R3650
598,ro598,6/30/2022,sh006,J4757
599,ro599,6/30/2022,sh006,Z4564
600,ro600,6/30/2022,sh006,U3064
601,ro601,7/1/2022,sh007,W1763
602,ro602,7/1/2022,sh007,H2843
603,ro603,7/1/2022,sh007,Z2504
604,ro604,7/1/2022,sh007,H8818
605,ro605,7/2/2022,sh008,E9371
606,ro606,7/2/2022,sh008,H2843
607,ro607,7/2/2022,sh008,Z2504
608,ro608,7/2/2022,sh008,H8818
609,ro609,7/3/2022,sh009,R3650
610,ro610,7/3/2022,sh009,J4757
611,ro611,7/3/2022,sh009,Z4564
612,ro612,7/3/2022,sh009,U3064
613,ro613,7/4/2022,sh010,W1763
614,ro614,7/4/2022,sh010,H2843
615,ro615,7/4/2022,sh010,Z2504
616,ro616,7/4/2022,sh010,H8818
617,ro617,7/5/2022,sh011,E9371
618,ro618,7/5/2022,sh011,H2843
619,ro619,7/5/2022,sh011,Z2504
620,ro620,7/5/2022,sh011,H8818
621,ro621,7/6/2022,sh012,R3650
622,ro622,7/6/2022,sh012,J4757
623,ro623,7/6/2022,sh012,Z4564
624,ro624,7/6/2022,sh012,U3064
625,ro625,7/7/2022,sh013,W1763
626,ro626,7/7/2022,sh013,H2843
627,ro627,7/7/2022,sh013,Z2504
628,ro628,7/7/2022,sh013,H8818
629,ro629,7/8/2022,sh014,E9371
630,ro630,7/8/2022,sh014,H2843
631,ro631,7/8/2022,sh014,Z2504
632,ro632,7/8/2022,sh014,H8818
633,ro633,7/9/2022,sh015,R3650
634,ro634,7/9/2022,sh015,J4757
635,ro635,7/9/2022,sh015,Z4564
636,ro636,7/9/2022,sh015,U3064
637,ro637,7/10/2022,sh016,W1763
638,ro638,7/10/2022,sh016,H2843
639,ro639,7/10/2022,sh016,Z2504
640,ro640,7/10/2022,sh016,H8818
641,ro641,7/11/2022,sh017,E9371
642,ro642,7/11/2022,sh017,H2843
643,ro643,7/11/2022,sh017,Z2504
644,ro644,7/11/2022,sh017,H8818
645,ro645,7/12/2022,sh018,R3650
646,ro646,7/12/2022,sh018,J4757
647,ro647,7/12/2022,sh018,Z4564
648,ro648,7/12/2022,sh018,U3064
649,ro649,7/13/2022,sh001,W1763
650,ro650,7/13/2022,sh001,H2843
651,ro651,7/13/2022,sh001,Z2504
652,ro652,7/13/2022,sh001,H8818
653,ro653,7/14/2022,sh002,E9371
654,ro654,7/14/2022,sh002,H2843
655,ro655,7/14/2022,sh002,Z2504
656,ro656,7/14/2022,sh002,H8818
657,ro657,7/15/2022,sh003,R3650
658,ro658,7/15/2022,sh003,J4757
659,ro659,7/15/2022,sh003,Z4564
660,ro660,7/15/2022,sh003,U3064
661,ro661,7/16/2022,sh004,W1763
662,ro662,7/16/2022,sh004,H2843
663,ro663,7/16/2022,sh004,Z2504
664,ro664,7/16/2022,sh004,H8818
665,ro665,7/17/2022,sh005,E9371
666,ro666,7/17/2022,sh005,H2843
667,ro667,7/17/2022,sh005,Z2504
668,ro668,7/17/2022,sh005,H8818
669,ro669,7/18/2022,sh006,R3650
670,ro670,7/18/2022,sh006,J4757
671,ro671,7/18/2022,sh006,Z4564
672,ro672,7/18/2022,sh006,U3064
673,ro673,7/19/2022,sh007,W1763
674,ro674,7/19/2022,sh007,H2843
675,ro675,7/19/2022,sh007,Z2504
676,ro676,7/19/2022,sh007,H8818
677,ro677,7/20/2022,sh008,E9371
678,ro678,7/20/2022,sh008,H2843
679,ro679,7/20/2022,sh008,Z2504
680,ro680,7/20/2022,sh008,H8818
681,ro681,7/21/2022,sh009,R3650
682,ro682,7/21/2022,sh009,J4757
683,ro683,7/21/2022,sh009,Z4564
684,ro684,7/21/2022,sh009,U3064
685,ro685,7/22/2022,sh010,W1763
686,ro686,7/22/2022,sh010,H2843
687,ro687,7/22/2022,sh010,Z2504
688,ro688,7/22/2022,sh010,H8818
689,ro689,7/23/2022,sh011,E9371
690,ro690,7/23/2022,sh011,H2843
691,ro691,7/23/2022,sh011,Z2504
692,ro692,7/23/2022,sh011,H8818
693,ro693,7/24/2022,sh012,R3650
694,ro694,7/24/2022,sh012,J4757
695,ro695,7/24/2022,sh012,Z4564
696,ro696,7/24/2022,sh012,U3064
697,ro697,7/25/2022,sh013,W1763
698,ro698,7/25/2022,sh013,H2843
699,ro699,7/25/2022,sh013,Z2504
700,ro700,7/25/2022,sh013,H8818
701,ro701,7/26/2022,sh014,E9371
702,ro702,7/26/2022,sh014,H2843
703,ro703,7/26/2022,sh014,Z2504
704,ro704,7/26/2022,sh014,H8818
705,ro705,7/27/2022,sh015,R3650
706,ro706,7/27/2022,sh015,J4757
707,ro707,7/27/2022,sh015,Z4564
708,ro708,7/27/2022,sh015,U3064
709,ro709,7/28/2022,sh016,W1763
710,ro710,7/28/2022,sh016,H2843
711,ro711,7/28/2022,sh016,Z2504
712,ro712,7/28/2022,sh016,H8818
713,ro713,7/29/2022,sh017,E9371
714,ro714,7/29/2022,sh017,H2843
715,ro715,7/29/2022,sh017,Z2504
716,ro716,7/29/2022,sh017,H8818
717,ro717,7/30/2022,sh018,R3650
718,ro718,7/30/2022,sh018,J4757
719,ro719,7/30/2022,sh018,Z4564
720,ro720,7/30/2022,sh018,U3064
721,ro721,7/31/2022,sh001,W1763
722,ro722,7/31/2022,sh001,H2843
723,ro723,7/31/2022,sh001,Z2504
724,ro724,7/31/2022,sh001,H8818
725,ro725,8/1/2022,sh002,E9371
726,ro726,8/1/2022,sh002,H2843
727,ro727,8/1/2022,sh002,Z2504
728,ro728,8/1/2022,sh002,H8818
729,ro729,8/2/2022,sh003,R3650
730,ro730,8/2/2022,sh003,J4757
731,ro731,8/2/2022,sh003,Z4564
732,ro732,8/2/2022,sh003,U3064
733,ro733,8/3/2022,sh004,W1763
734,ro734,8/3/2022,sh004,H2843
735,ro735,8/3/2022,sh004,Z2504
736,ro736,8/3/2022,sh004,H8818
737,ro737,8/4/2022,sh005,E9371
738,ro738,8/4/2022,sh005,H2843
739,ro739,8/4/2022,sh005,Z2504
740,ro740,8/4/2022,sh005,H8818
741,ro741,8/5/2022,sh006,R3650
742,ro742,8/5/2022,sh006,J4757
743,ro743,8/5/2022,sh006,Z4564
744,ro744,8/5/2022,sh006,U3064
745,ro745,8/6/2022,sh007,W1763
746,ro746,8/6/2022,sh007,H2843
747,ro747,8/6/2022,sh007,Z2504
748,ro748,8/6/2022,sh007,H8818
749,ro749,8/7/2022,sh008,E9371
750,ro750,8/7/2022,sh008,H2843
751,ro751,8/7/2022,sh008,Z2504
752,ro752,8/7/2022,sh008,H8818
753,ro753,8/8/2022,sh009,R3650
754,ro754,8/8/2022,sh009,J4757
755,ro755,8/8/2022,sh009,Z4564
756,ro756,8/8/2022,sh009,U3064
757,ro757,8/9/2022,sh010,W1763
758,ro758,8/9/2022,sh010,H2843
759,ro759,8/9/2022,sh010,Z2504
760,ro760,8/9/2022,sh010,H8818
761,ro761,8/10/2022,sh011,E9371
762,ro762,8/10/2022,sh011,H2843
763,ro763,8/10/2022,sh011,Z2504
764,ro764,8/10/2022,sh011,H8818
765,ro765,8/11/2022,sh012,R3650
766,ro766,8/11/2022,sh012,J4757
767,ro767,8/11/2022,sh012,Z4564
768,ro768,8/11/2022,sh012,U3064
769,ro769,8/12/2022,sh013,W1763
770,ro770,8/12/2022,sh013,H2843
771,ro771,8/12/2022,sh013,Z2504
772,ro772,8/12/2022,sh013,H8818
773,ro773,8/13/2022,sh014,E9371
774,ro774,8/13/2022,sh014,H2843
775,ro775,8/13/2022,sh014,Z2504
776,ro776,8/13/2022,sh014,H8818
777,ro777,8/14/2022,sh015,R3650
778,ro778,8/14/2022,sh015,J4757
779,ro779,8/14/2022,sh015,Z4564
780,ro780,8/14/2022,sh015,U3064
781,ro781,8/15/2022,sh016,W1763
782,ro782,8/15/2022,sh016,H2843
783,ro783,8/15/2022,sh016,Z2504
784,ro784,8/15/2022,sh016,H8818
785,ro785,8/16/2022,sh017,E9371
786,ro786,8/16/2022,sh017,H2843
787,ro787,8/16/2022,sh017,Z2504
788,ro788,8/16/2022,sh017,H8818
789,ro789,8/17/2022,sh018,R3650
790,ro790,8/17/2022,sh018,J4757
791,ro791,8/17/2022,sh018,Z4564
792,ro792,8/17/2022,sh018,U3064
793,ro793,8/18/2022,sh001,W1763
794,ro794,8/18/2022,sh001,H2843
795,ro795,8/18/2022,sh001,Z2504
796,ro796,8/18/2022,sh001,H8818
797,ro797,8/19/2022,sh002,E9371
798,ro798,8/19/2022,sh002,H2843
799,ro799,8/19/2022,sh002,Z2504
800,ro800,8/19/2022,sh002,H8818
801,ro801,8/20/2022,sh003,R3650
802,ro802,8/20/2022,sh003,J4757
803,ro803,8/20/2022,sh003,Z4564
804,ro804,8/20/2022,sh003,U3064
805,ro805,8/21/2022,sh004,W1763
806,ro806,8/21/2022,sh004,H2843
807,ro807,8/21/2022,sh004,Z2504
808,ro808,8/21/2022,sh004,H8818
809,ro809,8/22/2022,sh005,E9371
810,ro810,8/22/2022,sh005,H2843
811,ro811,8/22/2022,sh005,Z2504
812,ro812,8/22/2022,sh005,H8818
813,ro813,8/23/2022,sh006,R3650
814,ro814,8/23/2022,sh006,J4757
815,ro815,8/23/2022,sh006,Z4564
816,ro816,8/23/2022,sh006,U3064
817,ro817,8/24/2022,sh007,W1763
818,ro818,8/24/2022,sh007,H2843
819,ro819,8/24/2022,sh007,Z2504
820,ro820,8/24/2022,sh007,H8818
821,ro821,8/25/2022,sh008,E9371
822,ro822,8/25/2022,sh008,H2843
823,ro823,8/25/2022,sh008,Z2504
824,ro824,8/25/2022,sh008,H8818
825,ro825,8/26/2022,sh009,R3650
826,ro826,8/26/2022,sh009,J4757
827,ro827,8/26/2022,sh009,Z4564
828,ro828,8/26/2022,sh009,U3064
829,ro829,8/27/2022,sh010,W1763
830,ro830,8/27/2022,sh010,H2843
831,ro831,8/27/2022,sh010,Z2504
832,ro832,8/27/2022,sh010,H8818
833,ro833,8/28/2022,sh011,E9371
834,ro834,8/28/2022,sh011,H2843
835,ro835,8/28/2022,sh011,Z2504
836,ro836,8/28/2022,sh011,H8818
837,ro837,8/29/2022,sh012,R3650
838,ro838,8/29/2022,sh012,J4757
839,ro839,8/29/2022,sh012,Z4564
840,ro840,8/29/2022,sh012,U3064
841,ro841,8/30/2022,sh013,W1763
842,ro842,8/30/2022,sh013,H2843
843,ro843,8/30/2022,sh013,Z2504
844,ro844,8/30/2022,sh013,H8818
845,ro845,8/31/2022,sh014,E9371
846,ro846,8/31/2022,sh014,H2843
847,ro847,8/31/2022,sh014,Z2504
848,ro848,8/31/2022,sh014,H8818
849,ro849,9/1/2022,sh015,R3650
850,ro850,9/1/2022,sh015,J4757
851,ro851,9/1/2022,sh015,Z4564
852,ro852,9/1/2022,sh015,U3064
853,ro853,9/2/2022,sh016,W1763
854,ro854,9/2/2022,sh016,H2843
855,ro855,9/2/2022,sh016,Z2504
856,ro856,9/2/2022,sh016,H8818
857,ro857,9/3/2022,sh017,E9371
858,ro858,9/3/2022,sh017,H2843
859,ro859,9/3/2022,sh017,Z2504
860,ro860,9/3/2022,sh017,H8818
861,ro861,9/4/2022,sh018,R3650
862,ro862,9/4/2022,sh018,J4757
863,ro863,9/4/2022,sh018,Z4564
864,ro864,9/4/2022,sh018,U3064
865,ro865,9/5/2022,sh001,W1763
866,ro866,9/5/2022,sh001,H2843
867,ro867,9/5/2022,sh001,Z2504
868,ro868,9/5/2022,sh001,H8818
869,ro869,9/6/2022,sh002,E9371
870,ro870,9/6/2022,sh002,H2843
871,ro871,9/6/2022,sh002,Z2504
872,ro872,9/6/2022,sh002,H8818
873,ro873,9/7/2022,sh003,R3650
874,ro874,9/7/2022,sh003,J4757
875,ro875,9/7/2022,sh003,Z4564
876,ro876,9/7/2022,sh003,U3064
877,ro877,9/8/2022,sh004,W1763
878,ro878,9/8/2022,sh004,H2843
879,ro879,9/8/2022,sh004,Z2504
880,ro880,9/8/2022,sh004,H8818
881,ro881,9/9/2022,sh005,E9371
882,ro882,9/9/2022,sh005,H2843
883,ro883,9/9/2022,sh005,Z2504
884,ro884,9/9/2022,sh005,H8818
885,ro885,9/10/2022,sh006,R3650
886,ro886,9/10/2022,sh006,J4757
887,ro887,9/10/2022,sh006,Z4564
888,ro888,9/10/2022,sh006,U3064
889,ro889,9/11/2022,sh007,W1763
890,ro890,9/11/2022,sh007,H2843
891,ro891,9/11/2022,sh007,Z2504
892,ro892,9/11/2022,sh007,H8818
893,ro893,9/12/2022,sh008,E9371
894,ro894,9/12/2022,sh008,H2843
895,ro895,9/12/2022,sh008,Z2504
896,ro896,9/12/2022,sh008,H8818
897,ro897,9/13/2022,sh009,R3650
898,ro898,9/13/2022,sh009,J4757
899,ro899,9/13/2022,sh009,Z4564
900,ro900,9/13/2022,sh009,U3064
901,ro901,9/14/2022,sh010,W1763
902,ro902,9/14/2022,sh010,H2843
903,ro903,9/14/2022,sh010,Z2504
904,ro904,9/14/2022,sh010,H8818
905,ro905,9/15/2022,sh011,E9371
906,ro906,9/15/2022,sh011,H2843
907,ro907,9/15/2022,sh011,Z2504
908,ro908,9/15/2022,sh011,H8818
909,ro909,9/16/2022,sh012,R3650
910,ro910,9/16/2022,sh012,J4757
911,ro911,9/16/2022,sh012,Z4564
912,ro912,9/16/2022,sh012,U3064
913,ro913,9/17/2022,sh013,W1763
914,ro914,9/17/2022,sh013,H2843
915,ro915,9/17/2022,sh013,Z2504
916,ro916,9/17/2022,sh013,H8818
917,ro917,9/18/2022,sh014,E9371
918,ro918,9/18/2022,sh014,H2843
919,ro919,9/18/2022,sh014,Z2504
920,ro920,9/18/2022,sh014,H8818
921,ro921,9/19/2022,sh015,R3650
922,ro922,9/19/2022,sh015,J4757
923,ro923,9/19/2022,sh015,Z4564
924,ro924,9/19/2022,sh015,U3064
925,ro925,9/20/2022,sh016,W1763
926,ro926,9/20/2022,sh016,H2843
927,ro927,9/20/2022,sh016,Z2504
928,ro928,9/20/2022,sh016,H8818
929,ro929,9/21/2022,sh017,E9371
930,ro930,9/21/2022,sh017,H2843
931,ro931,9/21/2022,sh017,Z2504
932,ro932,9/21/2022,sh017,H8818
933,ro933,9/22/2022,sh018,R3650
934,ro934,9/22/2022,sh018,J4757
935,ro935,9/22/2022,sh018,Z4564
936,ro936,9/22/2022,sh018,U3064
937,ro937,9/23/2022,sh001,W1763
938,ro938,9/23/2022,sh001,H2843
939,ro939,9/23/2022,sh001,Z2504
940,ro940,9/23/2022,sh001,H8818
941,ro941,9/24/2022,sh002,E9371
942,ro942,9/24/2022,sh002,H2843
943,ro943,9/24/2022,sh002,Z2504
944,ro944,9/24/2022,sh002,H8818
945,ro945,9/25/2022,sh003,R3650
946,ro946,9/25/2022,sh003,J4757
947,ro947,9/25/2022,sh003,Z4564
948,ro948,9/25/2022,sh003,U3064
949,ro949,9/26/2022,sh004,W1763
950,ro950,9/26/2022,sh004,H2843
951,ro951,9/26/2022,sh004,Z2504
952,ro952,9/26/2022,sh004,H8818
953,ro953,9/27/2022,sh005,E9371
954,ro954,9/27/2022,sh005,H2843
955,ro955,9/27/2022,sh005,Z2504
956,ro956,9/27/2022,sh005,H8818
957,ro957,9/28/2022,sh006,R3650
958,ro958,9/28/2022,sh006,J4757
959,ro959,9/28/2022,sh006,Z4564
960,ro960,9/28/2022,sh006,U3064
961,ro961,9/29/2022,sh007,W1763
962,ro962,9/29/2022,sh007,H2843
963,ro963,9/29/2022,sh007,Z2504
964,ro964,9/29/2022,sh007,H8818
965,ro965,9/30/2022,sh008,E9371
966,ro966,9/30/2022,sh008,H2843
967,ro967,9/30/2022,sh008,Z2504
968,ro968,9/30/2022,sh008,H8818
969,ro969,10/1/2022,sh009,R3650
970,ro970,10/1/2022,sh009,J4757
971,ro971,10/1/2022,sh009,Z4564
972,ro972,10/1/2022,sh009,U3064
973,ro973,10/2/2022,sh010,W1763
974,ro974,10/2/2022,sh010,H2843
975,ro975,10/2/2022,sh010,Z2504
976,ro976,10/2/2022,sh010,H8818
977,ro977,10/3/2022,sh011,E9371
978,ro978,10/3/2022,sh011,H2843
979,ro979,10/3/2022,sh011,Z2504
980,ro980,10/3/2022,sh011,H8818
981,ro981,10/4/2022,sh012,R3650
982,ro982,10/4/2022,sh012,J4757
983,ro983,10/4/2022,sh012,Z4564
984,ro984,10/4/2022,sh012,U3064
985,ro985,10/5/2022,sh013,W1763
986,ro986,10/5/2022,sh013,H2843
987,ro987,10/5/2022,sh013,Z2504
988,ro988,10/5/2022,sh013,H8818
989,ro989,10/6/2022,sh014,E9371
990,ro990,10/6/2022,sh014,H2843
991,ro991,10/6/2022,sh014,Z2504
992,ro992,10/6/2022,sh014,H8818
993,ro993,10/7/2022,sh015,R3650
994,ro994,10/7/2022,sh015,J4757
995,ro995,10/7/2022,sh015,Z4564
996,ro996,10/7/2022,sh015,U3064
997,ro997,10/8/2022,sh016,W1763
998,ro998,10/8/2022,sh016,H2843
999,ro999,10/8/2022,sh016,Z2504
1000,ro1000,10/8/2022,sh016,H8818
1001,ro1001,10/9/2022,sh017,E9371
1002,ro1002,10/9/2022,sh017,H2843
1003,ro1003,10/9/2022,sh017,Z2504
1004,ro1004,10/9/2022,sh017,H8818
1005,ro1005,10/10/2022,sh018,R3650
1006,ro1006,10/10/2022,sh018,J4757
1007,ro1007,10/10/2022,sh018,Z4564
1008,ro1008,10/10/2022,sh018,U3064
1009,ro1009,10/11/2022,sh001,W1763
1010,ro1010,10/11/2022,sh001,H2843
1011,ro1011,10/11/2022,sh001,Z2504
1012,ro1012,10/11/2022,sh001,H8818
1013,ro1013,10/12/2022,sh002,E9371
1014,ro1014,10/12/2022,sh002,H2843
1015,ro1015,10/12/2022,sh002,Z2504
1016,ro1016,10/12/2022,sh002,H8818
1017,ro1017,10/13/2022,sh003,R3650
1018,ro1018,10/13/2022,sh003,J4757
1019,ro1019,10/13/2022,sh003,Z4564
1020,ro1020,10/13/2022,sh003,U3064
1021,ro1021,10/14/2022,sh004,W1763
1022,ro1022,10/14/2022,sh004,H2843
1023,ro1023,10/14/2022,sh004,Z2504
1024,ro1024,10/14/2022,sh004,H8818
1025,ro1025,10/15/2022,sh005,E9371
1026,ro1026,10/15/2022,sh005,H2843
1027,ro1027,10/15/2022,sh005,Z2504
1028,ro1028,10/15/2022,sh005,H8818
1029,ro1029,10/16/2022,sh006,R3650
1030,ro1030,10/16/2022,sh006,J4757
1031,ro1031,10/16/2022,sh006,Z4564
1032,ro1032,10/16/2022,sh006,U3064
1033,ro1033,10/17/2022,sh007,W1763
1034,ro1034,10/17/2022,sh007,H2843
1035,ro1035,10/17/2022,sh007,Z2504
1036,ro1036,10/17/2022,sh007,H8818
1037,ro1037,10/18/2022,sh008,E9371
1038,ro1038,10/18/2022,sh008,H2843
1039,ro1039,10/18/2022,sh008,Z2504
1040,ro1040,10/18/2022,sh008,H8818
1041,ro1041,10/19/2022,sh009,R3650
1042,ro1042,10/19/2022,sh009,J4757
1043,ro1043,10/19/2022,sh009,Z4564
1044,ro1044,10/19/2022,sh009,U3064
1045,ro1045,10/20/2022,sh010,W1763
1046,ro1046,10/20/2022,sh010,H2843
1047,ro1047,10/20/2022,sh010,Z2504
1048,ro1048,10/20/2022,sh010,H8818
1049,ro1049,10/21/2022,sh011,E9371
1050,ro1050,10/21/2022,sh011,H2843
1051,ro1051,10/21/2022,sh011,Z2504
1052,ro1052,10/21/2022,sh011,H8818
1053,ro1053,10/22/2022,sh012,R3650
1054,ro1054,10/22/2022,sh012,J4757
1055,ro1055,10/22/2022,sh012,Z4564
1056,ro1056,10/22/2022,sh012,U3064
1057,ro1057,10/23/2022,sh013,W1763
1058,ro1058,10/23/2022,sh013,H2843
1059,ro1059,10/23/2022,sh013,Z2504
1060,ro1060,10/23/2022,sh013,H8818
1061,ro1061,10/24/2022,sh014,E9371
1062,ro1062,10/24/2022,sh014,H2843
1063,ro1063,10/24/2022,sh014,Z2504
1064,ro1064,10/24/2022,sh014,H8818
1065,ro1065,10/25/2022,sh015,R3650
1066,ro1066,10/25/2022,sh015,J4757
1067,ro1067,10/25/2022,sh015,Z4564
1068,ro1068,10/25/2022,sh015,U3064
1069,ro1069,10/26/2022,sh016,W1763
1070,ro1070,10/26/2022,sh016,H2843
1071,ro1071,10/26/2022,sh016,Z2504
1072,ro1072,10/26/2022,sh016,H8818
1073,ro1073,10/27/2022,sh017,E9371
1074,ro1074,10/27/2022,sh017,H2843
1075,ro1075,10/27/2022,sh017,Z2504
1076,ro1076,10/27/2022,sh017,H8818
1077,ro1077,10/28/2022,sh018,R3650
1078,ro1078,10/28/2022,sh018,J4757
1079,ro1079,10/28/2022,sh018,Z4564
1080,ro1080,10/28/2022,sh018,U3064
1081,ro1081,10/29/2022,sh001,W1763
1082,ro1082,10/29/2022,sh001,H2843
1083,ro1083,10/29/2022,sh001,Z2504
1084,ro1084,10/29/2022,sh001,H8818
1085,ro1085,10/30/2022,sh002,E9371
1086,ro1086,10/30/2022,sh002,H2843
1087,ro1087,10/30/2022,sh002,Z2504
1088,ro1088,10/30/2022,sh002,H8818
1089,ro1089,10/31/2022,sh003,R3650
1090,ro1090,10/31/2022,sh003,J4757
1091,ro1091,10/31/2022,sh003,Z4564
1092,ro1092,10/31/2022,sh003,U3064
1093,ro1093,11/1/2022,sh004,W1763
1094,ro1094,11/1/2022,sh004,H2843
1095,ro1095,11/1/2022,sh004,Z2504
1096,ro1096,11/1/2022,sh004,H8818
1097,ro1097,11/2/2022,sh005,E9371
1098,ro1098,11/2/2022,sh005,H2843
1099,ro1099,11/2/2022,sh005,Z2504
1100,ro1100,11/2/2022,sh005,H8818
1101,ro1101,11/3/2022,sh006,R3650
1102,ro1102,11/3/2022,sh006,J4757
1103,ro1103,11/3/2022,sh006,Z4564
1104,ro1104,11/3/2022,sh006,U3064
1105,ro1105,11/4/2022,sh007,W1763
1106,ro1106,11/4/2022,sh007,H2843
1107,ro1107,11/4/2022,sh007,Z2504
1108,ro1108,11/4/2022,sh007,H8818
1109,ro1109,11/5/2022,sh008,E9371
1110,ro1110,11/5/2022,sh008,H2843
1111,ro1111,11/5/2022,sh008,Z2504
1112,ro1112,11/5/2022,sh008,H8818
1113,ro1113,11/6/2022,sh009,R3650
1114,ro1114,11/6/2022,sh009,J4757
1115,ro1115,11/6/2022,sh009,Z4564
1116,ro1116,11/6/2022,sh009,U3064
1117,ro1117,11/7/2022,sh010,W1763
1118,ro1118,11/7/2022,sh010,H2843
1119,ro1119,11/7/2022,sh010,Z2504
1120,ro1120,11/7/2022,sh010,H8818
1121,ro1121,11/8/2022,sh011,E9371
1122,ro1122,11/8/2022,sh011,H2843
1123,ro1123,11/8/2022,sh011,Z2504
1124,ro1124,11/8/2022,sh011,H8818
1125,ro1125,11/9/2022,sh012,R3650
1126,ro1126,11/9/2022,sh012,J4757
1127,ro1127,11/9/2022,sh012,Z4564
1128,ro1128,11/9/2022,sh012,U3064
1129,ro1129,11/10/2022,sh013,W1763
1130,ro1130,11/10/2022,sh013,H2843
1131,ro1131,11/10/2022,sh013,Z2504
1132,ro1132,11/10/2022,sh013,H8818
1133,ro1133,11/11/2022,sh014,E9371
1134,ro1134,11/11/2022,sh014,H2843
1135,ro1135,11/11/2022,sh014,Z2504
1136,ro1136,11/11/2022,sh014,H8818
1137,ro1137,11/12/2022,sh015,R3650
1138,ro1138,11/12/2022,sh015,J4757
1139,ro1139,11/12/2022,sh015,Z4564
1140,ro1140,11/12/2022,sh015,U3064
1141,ro1141,11/13/2022,sh016,W1763
1142,ro1142,11/13/2022,sh016,H2843
1143,ro1143,11/13/2022,sh016,Z2504
1144,ro1144,11/13/2022,sh016,H8818
1145,ro1145,11/14/2022,sh017,E9371
1146,ro1146,11/14/2022,sh017,H2843
1147,ro1147,11/14/2022,sh017,Z2504
1148,ro1148,11/14/2022,sh017,H8818
1149,ro1149,11/15/2022,sh018,R3650
1150,ro1150,11/15/2022,sh018,J4757
1151,ro1151,11/15/2022,sh018,Z4564
1152,ro1152,11/15/2022,sh018,U3064
1153,ro1153,11/16/2022,sh001,W1763
1154,ro1154,11/16/2022,sh001,H2843
1155,ro1155,11/16/2022,sh001,Z2504
1156,ro1156,11/16/2022,sh001,H8818
1157,ro1157,11/17/2022,sh002,E9371
1158,ro1158,11/17/2022,sh002,H2843
1159,ro1159,11/17/2022,sh002,Z2504
1160,ro1160,11/17/2022,sh002,H8818
1161,ro1161,11/18/2022,sh003,R3650
1162,ro1162,11/18/2022,sh003,J4757
1163,ro1163,11/18/2022,sh003,Z4564
1164,ro1164,11/18/2022,sh003,U3064
1165,ro1165,11/19/2022,sh004,W1763
1166,ro1166,11/19/2022,sh004,H2843
1167,ro1167,11/19/2022,sh004,Z2504
1168,ro1168,11/19/2022,sh004,H8818
1169,ro1169,11/20/2022,sh005,E9371
1170,ro1170,11/20/2022,sh005,H2843
1171,ro1171,11/20/2022,sh005,Z2504
1172,ro1172,11/20/2022,sh005,H8818
1173,ro1173,11/21/2022,sh006,R3650
1174,ro1174,11/21/2022,sh006,J4757
1175,ro1175,11/21/2022,sh006,Z4564
1176,ro1176,11/21/2022,sh006,U3064
1177,ro1177,11/22/2022,sh007,W1763
1178,ro1178,11/22/2022,sh007,H2843
1179,ro1179,11/22/2022,sh007,Z2504
1180,ro1180,11/22/2022,sh007,H8818
1181,ro1181,11/23/2022,sh008,E9371
1182,ro1182,11/23/2022,sh008,H2843
1183,ro1183,11/23/2022,sh008,Z2504
1184,ro1184,11/23/2022,sh008,H8818
1185,ro1185,11/24/2022,sh009,R3650
1186,ro1186,11/24/2022,sh009,J4757
1187,ro1187,11/24/2022,sh009,Z4564
1188,ro1188,11/24/2022,sh009,U3064
1189,ro1189,11/25/2022,sh010,W1763
1190,ro1190,11/25/2022,sh010,H2843
1191,ro1191,11/25/2022,sh010,Z2504
1192,ro1192,11/25/2022,sh010,H8818
1193,ro1193,11/26/2022,sh011,E9371
1194,ro1194,11/26/2022,sh011,H2843
1195,ro1195,11/26/2022,sh011,Z2504
1196,ro1196,11/26/2022,sh011,H8818
1197,ro1197,11/27/2022,sh012,R3650
1198,ro1198,11/27/2022,sh012,J4757
1199,ro1199,11/27/2022,sh012,Z4564
1200,ro1200,11/27/2022,sh012,U3064
1201,ro1201,11/28/2022,sh013,W1763
1202,ro1202,11/28/2022,sh013,H2843
1203,ro1203,11/28/2022,sh013,Z2504
1204,ro1204,11/28/2022,sh013,H8818
1205,ro1205,11/29/2022,sh014,E9371
1206,ro1206,11/29/2022,sh014,H2843
1207,ro1207,11/29/2022,sh014,Z2504
1208,ro1208,11/29/2022,sh014,H8818
1209,ro1209,11/30/2022,sh015,R3650
1210,ro1210,11/30/2022,sh015,J4757
1211,ro1211,11/30/2022,sh015,Z4564
1212,ro1212,11/30/2022,sh015,U3064
1213,ro1213,12/1/2022,sh016,W1763
1214,ro1214,12/1/2022,sh016,H2843
1215,ro1215,12/1/2022,sh016,Z2504
1216,ro1216,12/1/2022,sh016,H8818
1217,ro1217,12/2/2022,sh017,E9371
1218,ro1218,12/2/2022,sh017,H2843
1219,ro1219,12/2/2022,sh017,Z2504
1220,ro1220,12/2/2022,sh017,H8818
1221,ro1221,12/3/2022,sh018,R3650
1222,ro1222,12/3/2022,sh018,J4757
1223,ro1223,12/3/2022,sh018,Z4564
1224,ro1224,12/3/2022,sh018,U3064
1225,ro1225,12/4/2022,sh001,W1763
1226,ro1226,12/4/2022,sh001,H2843
1227,ro1227,12/4/2022,sh001,Z2504
1228,ro1228,12/4/2022,sh001,H8818
1229,ro1229,12/5/2022,sh002,E9371
1230,ro1230,12/5/2022,sh002,H2843
1231,ro1231,12/5/2022,sh002,Z2504
1232,ro1232,12/5/2022,sh002,H8818
1233,ro1233,12/6/2022,sh003,R3650
1234,ro1234,12/6/2022,sh003,J4757
1235,ro1235,12/6/2022,sh003,Z4564
1236,ro1236,12/6/2022,sh003,U3064
1237,ro1237,12/7/2022,sh004,W1763
1238,ro1238,12/7/2022,sh004,H2843
1239,ro1239,12/7/2022,sh004,Z2504
1240,ro1240,12/7/2022,sh004,H8818
1241,ro1241,12/8/2022,sh005,E9371
1242,ro1242,12/8/2022,sh005,H2843
1243,ro1243,12/8/2022,sh005,Z2504
1244,ro1244,12/8/2022,sh005,H8818
1245,ro1245,12/9/2022,sh006,R3650
1246,ro1246,12/9/2022,sh006,J4757
1247,ro1247,12/9/2022,sh006,Z4564
1248,ro1248,12/9/2022,sh006,U3064
1249,ro1249,12/10/2022,sh007,W1763
1250,ro1250,12/10/2022,sh007,H2843
1251,ro1251,12/10/2022,sh007,Z2504
1252,ro1252,12/10/2022,sh007,H8818
1253,ro1253,12/11/2022,sh008,E9371
1254,ro1254,12/11/2022,sh008,H2843
1255,ro1255,12/11/2022,sh008,Z2504
1256,ro1256,12/11/2022,sh008,H8818
1257,ro1257,12/12/2022,sh009,R3650
1258,ro1258,12/12/2022,sh009,J4757
1259,ro1259,12/12/2022,sh009,Z4564
1260,ro1260,12/12/2022,sh009,U3064
1261,ro1261,12/13/2022,sh010,W1763
1262,ro1262,12/13/2022,sh010,H2843
1263,ro1263,12/13/2022,sh010,Z2504
1264,ro1264,12/13/2022,sh010,H8818
1265,ro1265,12/14/2022,sh011,E9371
1266,ro1266,12/14/2022,sh011,H2843
1267,ro1267,12/14/2022,sh011,Z2504
1268,ro1268,12/14/2022,sh011,H8818
1269,ro1269,12/15/2022,sh012,R3650
1270,ro1270,12/15/2022,sh012,J4757
1271,ro1271,12/15/2022,sh012,Z4564
1272,ro1272,12/15/2022,sh012,U3064
1273,ro1273,12/16/2022,sh013,W1763
1274,ro1274,12/16/2022,sh013,H2843
1275,ro1275,12/16/2022,sh013,Z2504
1276,ro1276,12/16/2022,sh013,H8818
1277,ro1277,12/17/2022,sh014,E9371
1278,ro1278,12/17/2022,sh014,H2843
1279,ro1279,12/17/2022,sh014,Z2504
1280,ro1280,12/17/2022,sh014,H8818
1281,ro1281,12/18/2022,sh015,R3650
1282,ro1282,12/18/2022,sh015,J4757
1283,ro1283,12/18/2022,sh015,Z4564
1284,ro1284,12/18/2022,sh015,U3064
1285,ro1285,12/19/2022,sh016,W1763
1286,ro1286,12/19/2022,sh016,H2843
1287,ro1287,12/19/2022,sh016,Z2504
1288,ro1288,12/19/2022,sh016,H8818
1289,ro1289,12/20/2022,sh017,E9371
1290,ro1290,12/20/2022,sh017,H2843
1291,ro1291,12/20/2022,sh017,Z2504
1292,ro1292,12/20/2022,sh017,H8818
1293,ro1293,12/21/2022,sh018,R3650
1294,ro1294,12/21/2022,sh018,J4757
1295,ro1295,12/21/2022,sh018,Z4564
1296,ro1296,12/21/2022,sh018,U3064
1297,ro1297,12/22/2022,sh001,W1763
1298,ro1298,12/22/2022,sh001,H2843
1299,ro1299,12/22/2022,sh001,Z2504
1300,ro1300,12/22/2022,sh001,H8818
1301,ro1301,12/23/2022,sh002,E9371
1302,ro1302,12/23/2022,sh002,H2843
1303,ro1303,12/23/2022,sh002,Z2504
1304,ro1304,12/23/2022,sh002,H8818
1305,ro1305,12/24/2022,sh003,R3650
1306,ro1306,12/24/2022,sh003,J4757
1307,ro1307,12/24/2022,sh003,Z4564
1308,ro1308,12/24/2022,sh003,U3064
1309,ro1309,12/25/2022,sh004,W1763
1310,ro1310,12/25/2022,sh004,H2843
1311,ro1311,12/25/2022,sh004,Z2504
1312,ro1312,12/25/2022,sh004,H8818
1313,ro1313,12/26/2022,sh005,E9371
1314,ro1314,12/26/2022,sh005,H2843
1315,ro1315,12/26/2022,sh005,Z2504
1316,ro1316,12/26/2022,sh005,H8818
1317,ro1317,12/27/2022,sh006,R3650
1318,ro1318,12/27/2022,sh006,J4757
1319,ro1319,12/27/2022,sh006,Z4564
1320,ro1320,12/27/2022,sh006,U3064
1321,ro1321,12/28/2022,sh007,W1763
1322,ro1322,12/28/2022,sh007,H2843
1323,ro1323,12/28/2022,sh007,Z2504
1324,ro1324,12/28/2022,sh007,H8818
1325,ro1325,12/29/2022,sh008,E9371
1326,ro1326,12/29/2022,sh008,H2843
1327,ro1327,12/29/2022,sh008,Z2504
1328,ro1328,12/29/2022,sh008,H8818
1329,ro1329,12/30/2022,sh009,R3650
1330,ro1330,12/30/2022,sh009,J4757
1331,ro1331,12/30/2022,sh009,Z4564
1332,ro1332,12/30/2022,sh009,U3064
1333,ro1333,12/31/2022,sh010,W1763
1334,ro1334,12/31/2022,sh010,H2843
1335,ro1335,12/31/2022,sh010,Z2504
1336,ro1336,12/31/2022,sh010,H8818
1337,ro1337,1/1/2023,sh011,E9371
1338,ro1338,1/1/2023,sh011,H2843
1339,ro1339,1/1/2023,sh011,Z2504
1340,ro1340,1/1/2023,sh011,H8818
1341,ro1341,1/2/2023,sh012,R3650
1342,ro1342,1/2/2023,sh012,J4757
1343,ro1343,1/2/2023,sh012,Z4564
1344,ro1344,1/2/2023,sh012,U3064
1345,ro1345,1/3/2023,sh013,W1763
1346,ro1346,1/3/2023,sh013,H2843
1347,ro1347,1/3/2023,sh013,Z2504
1348,ro1348,1/3/2023,sh013,H8818
1349,ro1349,1/4/2023,sh014,E9371
1350,ro1350,1/4/2023,sh014,H2843
1351,ro1351,1/4/2023,sh014,Z2504
1352,ro1352,1/4/2023,sh014,H8818
1353,ro1353,1/5/2023,sh015,R3650
1354,ro1354,1/5/2023,sh015,J4757
1355,ro1355,1/5/2023,sh015,Z4564
1356,ro1356,1/5/2023,sh015,U3064
1357,ro1357,1/6/2023,sh016,W1763
1358,ro1358,1/6/2023,sh016,H2843
1359,ro1359,1/6/2023,sh016,Z2504
1360,ro1360,1/6/2023,sh016,H8818
1361,ro1361,1/7/2023,sh017,E9371
1362,ro1362,1/7/2023,sh017,H2843
1363,ro1363,1/7/2023,sh017,Z2504
1364,ro1364,1/7/2023,sh017,H8818
1365,ro1365,1/8/2023,sh018,R3650
1366,ro1366,1/8/2023,sh018,J4757
1367,ro1367,1/8/2023,sh018,Z4564
1368,ro1368,1/8/2023,sh018,U3064
1369,ro1369,1/9/2023,sh001,W1763
1370,ro1370,1/9/2023,sh001,H2843
1371,ro1371,1/9/2023,sh001,Z2504
1372,ro1372,1/9/2023,sh001,H8818
1373,ro1373,1/10/2023,sh002,E9371
1374,ro1374,1/10/2023,sh002,H2843
1375,ro1375,1/10/2023,sh002,Z2504
1376,ro1376,1/10/2023,sh002,H8818
1377,ro1377,1/11/2023,sh003,R3650
1378,ro1378,1/11/2023,sh003,J4757
1379,ro1379,1/11/2023,sh003,Z4564
1380,ro1380,1/11/2023,sh003,U3064
1381,ro1381,1/12/2023,sh004,W1763
1382,ro1382,1/12/2023,sh004,H2843
1383,ro1383,1/12/2023,sh004,Z2504
1384,ro1384,1/12/2023,sh004,H8818
1385,ro1385,1/13/2023,sh005,E9371
1386,ro1386,1/13/2023,sh005,H2843
1387,ro1387,1/13/2023,sh005,Z2504
1388,ro1388,1/13/2023,sh005,H8818
1389,ro1389,1/14/2023,sh006,R3650
1390,ro1390,1/14/2023,sh006,J4757
1391,ro1391,1/14/2023,sh006,Z4564
1392,ro1392,1/14/2023,sh006,U3064
1393,ro1393,1/15/2023,sh007,W1763
1394,ro1394,1/15/2023,sh007,H2843
1395,ro1395,1/15/2023,sh007,Z2504
1396,ro1396,1/15/2023,sh007,H8818
1397,ro1397,1/16/2023,sh008,E9371
1398,ro1398,1/16/2023,sh008,H2843
1399,ro1399,1/16/2023,sh008,Z2504
1400,ro1400,1/16/2023,sh008,H8818
1401,ro1401,1/17/2023,sh009,R3650
1402,ro1402,1/17/2023,sh009,J4757
1403,ro1403,1/17/2023,sh009,Z4564
1404,ro1404,1/17/2023,sh009,U3064
1405,ro1405,1/18/2023,sh010,W1763
1406,ro1406,1/18/2023,sh010,H2843
1407,ro1407,1/18/2023,sh010,Z2504
1408,ro1408,1/18/2023,sh010,H8818
1409,ro1409,1/19/2023,sh011,E9371
1410,ro1410,1/19/2023,sh011,H2843
1411,ro1411,1/19/2023,sh011,Z2504
1412,ro1412,1/19/2023,sh011,H8818
1413,ro1413,1/20/2023,sh012,R3650
1414,ro1414,1/20/2023,sh012,J4757
1415,ro1415,1/20/2023,sh012,Z4564
1416,ro1416,1/20/2023,sh012,U3064
1417,ro1417,1/21/2023,sh013,W1763
1418,ro1418,1/21/2023,sh013,H2843
1419,ro1419,1/21/2023,sh013,Z2504
1420,ro1420,1/21/2023,sh013,H8818
1421,ro1421,1/22/2023,sh014,E9371
1422,ro1422,1/22/2023,sh014,H2843
1423,ro1423,1/22/2023,sh014,Z2504
1424,ro1424,1/22/2023,sh014,H8818
1425,ro1425,1/23/2023,sh015,R3650
1426,ro1426,1/23/2023,sh015,J4757
1427,ro1427,1/23/2023,sh015,Z4564
1428,ro1428,1/23/2023,sh015,U3064
1429,ro1429,1/24/2023,sh016,W1763
1430,ro1430,1/24/2023,sh016,H2843
1431,ro1431,1/24/2023,sh016,Z2504
1432,ro1432,1/24/2023,sh016,H8818
1433,ro1433,1/25/2023,sh017,E9371
1434,ro1434,1/25/2023,sh017,H2843
1435,ro1435,1/25/2023,sh017,Z2504
1436,ro1436,1/25/2023,sh017,H8818
1437,ro1437,1/26/2023,sh018,R3650
1438,ro1438,1/26/2023,sh018,J4757
1439,ro1439,1/26/2023,sh018,Z4564
1440,ro1440,1/26/2023,sh018,U3064
1441,ro1441,1/27/2023,sh001,W1763
1442,ro1442,1/27/2023,sh001,H2843
1443,ro1443,1/27/2023,sh001,Z2504
1444,ro1444,1/27/2023,sh001,H8818
1445,ro1445,1/28/2023,sh002,E9371
1446,ro1446,1/28/2023,sh002,H2843
1447,ro1447,1/28/2023,sh002,Z2504
1448,ro1448,1/28/2023,sh002,H8818
1449,ro1449,1/29/2023,sh003,R3650
1450,ro1450,1/29/2023,sh003,J4757
1451,ro1451,1/29/2023,sh003,Z4564
1452,ro1452,1/29/2023,sh003,U3064
1453,ro1453,1/30/2023,sh004,W1763
1454,ro1454,1/30/2023,sh004,H2843
1455,ro1455,1/30/2023,sh004,Z2504
1456,ro1456,1/30/2023,sh004,H8818
1457,ro1457,1/31/2023,sh005,E9371
1458,ro1458,1/31/2023,sh005,H2843
1459,ro1459,1/31/2023,sh005,Z2504
1460,ro1460,1/31/2023,sh005,H8818
1461,ro1461,2/1/2023,sh006,R3650
1462,ro1462,2/1/2023,sh006,J4757
1463,ro1463,2/1/2023,sh006,Z4564
1464,ro1464,2/1/2023,sh006,U3064
1465,ro1465,2/2/2023,sh007,W1763
1466,ro1466,2/2/2023,sh007,H2843
1467,ro1467,2/2/2023,sh007,Z2504
1468,ro1468,2/2/2023,sh007,H8818
1469,ro1469,2/3/2023,sh008,E9371
1470,ro1470,2/3/2023,sh008,H2843
1471,ro1471,2/3/2023,sh008,Z2504
1472,ro1472,2/3/2023,sh008,H8818
1473,ro1473,2/4/2023,sh009,R3650
1474,ro1474,2/4/2023,sh009,J4757
1475,ro1475,2/4/2023,sh009,Z4564
1476,ro1476,2/4/2023,sh009,U3064
1477,ro1477,2/5/2023,sh010,W1763
1478,ro1478,2/5/2023,sh010,H2843
1479,ro1479,2/5/2023,sh010,Z2504
1480,ro1480,2/5/2023,sh010,H8818
1481,ro1481,2/6/2023,sh011,E9371
1482,ro1482,2/6/2023,sh011,H2843
1483,ro1483,2/6/2023,sh011,Z2504
1484,ro1484,2/6/2023,sh011,H8818
1485,ro1485,2/7/2023,sh012,R3650
1486,ro1486,2/7/2023,sh012,J4757
1487,ro1487,2/7/2023,sh012,Z4564
1488,ro1488,2/7/2023,sh012,U3064
1489,ro1489,2/8/2023,sh013,W1763
1490,ro1490,2/8/2023,sh013,H2843
1491,ro1491,2/8/2023,sh013,Z2504
1492,ro1492,2/8/2023,sh013,H8818
1493,ro1493,2/9/2023,sh014,E9371
1494,ro1494,2/9/2023,sh014,H2843
1495,ro1495,2/9/2023,sh014,Z2504
1496,ro1496,2/9/2023,sh014,H8818
1497,ro1497,2/10/2023,sh015,R3650
1498,ro1498,2/10/2023,sh015,J4757
1499,ro1499,2/10/2023,sh015,Z4564
1500,ro1500,2/10/2023,sh015,U3064
1501,ro1501,2/11/2023,sh016,W1763
1502,ro1502,2/11/2023,sh016,H2843
1503,ro1503,2/11/2023,sh016,Z2504
1504,ro1504,2/11/2023,sh016,H8818
1505,ro1505,2/12/2023,sh017,E9371
1506,ro1506,2/12/2023,sh017,H2843
1507,ro1507,2/12/2023,sh017,Z2504
1508,ro1508,2/12/2023,sh017,H8818
1509,ro1509,2/13/2023,sh018,R3650
1510,ro1510,2/13/2023,sh018,J4757
1511,ro1511,2/13/2023,sh018,Z4564
1512,ro1512,2/13/2023,sh018,U3064
1513,ro1513,2/14/2023,sh001,W1763
1514,ro1514,2/14/2023,sh001,H2843
1515,ro1515,2/14/2023,sh001,Z2504
1516,ro1516,2/14/2023,sh001,H8818
1517,ro1517,2/15/2023,sh002,E9371
1518,ro1518,2/15/2023,sh002,H2843
1519,ro1519,2/15/2023,sh002,Z2504
1520,ro1520,2/15/2023,sh002,H8818
1521,ro1521,2/16/2023,sh003,R3650
1522,ro1522,2/16/2023,sh003,J4757
1523,ro1523,2/16/2023,sh003,Z4564
1524,ro1524,2/16/2023,sh003,U3064
1525,ro1525,2/17/2023,sh004,W1763
1526,ro1526,2/17/2023,sh004,H2843
1527,ro1527,2/17/2023,sh004,Z2504
1528,ro1528,2/17/2023,sh004,H8818
1529,ro1529,2/18/2023,sh005,E9371
1530,ro1530,2/18/2023,sh005,H2843
1531,ro1531,2/18/2023,sh005,Z2504
1532,ro1532,2/18/2023,sh005,H8818
1533,ro1533,2/19/2023,sh006,R3650
1534,ro1534,2/19/2023,sh006,J4757
1535,ro1535,2/19/2023,sh006,Z4564
1536,ro1536,2/19/2023,sh006,U3064
1537,ro1537,2/20/2023,sh007,W1763
1538,ro1538,2/20/2023,sh007,H2843
1539,ro1539,2/20/2023,sh007,Z2504
1540,ro1540,2/20/2023,sh007,H8818
1541,ro1541,2/21/2023,sh008,E9371
1542,ro1542,2/21/2023,sh008,H2843
1543,ro1543,2/21/2023,sh008,Z2504
1544,ro1544,2/21/2023,sh008,H8818
1545,ro1545,2/22/2023,sh009,R3650
1546,ro1546,2/22/2023,sh009,J4757
1547,ro1547,2/22/2023,sh009,Z4564
1548,ro1548,2/22/2023,sh009,U3064
1549,ro1549,2/23/2023,sh010,W1763
1550,ro1550,2/23/2023,sh010,H2843
1551,ro1551,2/23/2023,sh010,Z2504
1552,ro1552,2/23/2023,sh010,H8818
1553,ro1553,2/24/2023,sh011,E9371
1554,ro1554,2/24/2023,sh011,H2843
1555,ro1555,2/24/2023,sh011,Z2504
1556,ro1556,2/24/2023,sh011,H8818
1557,ro1557,2/25/2023,sh012,R3650
1558,ro1558,2/25/2023,sh012,J4757
1559,ro1559,2/25/2023,sh012,Z4564
1560,ro1560,2/25/2023,sh012,U3064
1561,ro1561,2/26/2023,sh013,W1763
1562,ro1562,2/26/2023,sh013,H2843
1563,ro1563,2/26/2023,sh013,Z2504
1564,ro1564,2/26/2023,sh013,H8818
1565,ro1565,2/27/2023,sh014,E9371
1566,ro1566,2/27/2023,sh014,H2843
1567,ro1567,2/27/2023,sh014,Z2504
1568,ro1568,2/27/2023,sh014,H8818
1569,ro1569,2/28/2023,sh015,R3650
1570,ro1570,2/28/2023,sh015,J4757
1571,ro1571,2/28/2023,sh015,Z4564
1572,ro1572,2/28/2023,sh015,U3064
1573,ro1573,3/1/2023,sh016,W1763
1574,ro1574,3/1/2023,sh016,H2843
1575,ro1575,3/1/2023,sh016,Z2504
1576,ro1576,3/1/2023,sh016,H8818
1577,ro1577,3/2/2023,sh017,E9371
1578,ro1578,3/2/2023,sh017,H2843
1579,ro1579,3/2/2023,sh017,Z2504
1580,ro1580,3/2/2023,sh017,H8818
1581,ro1581,3/3/2023,sh018,R3650
1582,ro1582,3/3/2023,sh018,J4757
1583,ro1583,3/3/2023,sh018,Z4564
1584,ro1584,3/3/2023,sh018,U3064
1585,ro1585,3/4/2023,sh001,W1763
1586,ro1586,3/4/2023,sh001,H2843
1587,ro1587,3/4/2023,sh001,Z2504
1588,ro1588,3/4/2023,sh001,H8818
1589,ro1589,3/5/2023,sh002,E9371
1590,ro1590,3/5/2023,sh002,H2843
1591,ro1591,3/5/2023,sh002,Z2504
1592,ro1592,3/5/2023,sh002,H8818
1593,ro1593,3/6/2023,sh003,R3650
1594,ro1594,3/6/2023,sh003,J4757
1595,ro1595,3/6/2023,sh003,Z4564
1596,ro1596,3/6/2023,sh003,U3064
1597,ro1597,3/7/2023,sh004,W1763
1598,ro1598,3/7/2023,sh004,H2843
1599,ro1599,3/7/2023,sh004,Z2504
1600,ro1600,3/7/2023,sh004,H8818
1601,ro1601,3/8/2023,sh005,E9371
1602,ro1602,3/8/2023,sh005,H2843
1603,ro1603,3/8/2023,sh005,Z2504
1604,ro1604,3/8/2023,sh005,H8818
1605,ro1605,3/9/2023,sh006,R3650
1606,ro1606,3/9/2023,sh006,J4757
1607,ro1607,3/9/2023,sh006,Z4564
1608,ro1608,3/9/2023,sh006,U3064
1609,ro1609,3/10/2023,sh007,W1763
1610,ro1610,3/10/2023,sh007,H2843
1611,ro1611,3/10/2023,sh007,Z2504
1612,ro1612,3/10/2023,sh007,H8818
1613,ro1613,3/11/2023,sh008,E9371
1614,ro1614,3/11/2023,sh008,H2843
1615,ro1615,3/11/2023,sh008,Z2504
1616,ro1616,3/11/2023,sh008,H8818
1617,ro1617,3/12/2023,sh009,R3650
1618,ro1618,3/12/2023,sh009,J4757
1619,ro1619,3/12/2023,sh009,Z4564
1620,ro1620,3/12/2023,sh009,U3064
1621,ro1621,3/13/2023,sh010,W1763
1622,ro1622,3/13/2023,sh010,H2843
1623,ro1623,3/13/2023,sh010,Z2504
1624,ro1624,3/13/2023,sh010,H8818
1625,ro1625,3/14/2023,sh011,E9371
1626,ro1626,3/14/2023,sh011,H2843
1627,ro1627,3/14/2023,sh011,Z2504
1628,ro1628,3/14/2023,sh011,H8818
1629,ro1629,3/15/2023,sh012,R3650
1630,ro1630,3/15/2023,sh012,J4757
1631,ro1631,3/15/2023,sh012,Z4564
1632,ro1632,3/15/2023,sh012,U3064
1633,ro1633,3/16/2023,sh013,W1763
1634,ro1634,3/16/2023,sh013,H2843
1635,ro1635,3/16/2023,sh013,Z2504
1636,ro1636,3/16/2023,sh013,H8818
1637,ro1637,3/17/2023,sh014,E9371
1638,ro1638,3/17/2023,sh014,H2843
1639,ro1639,3/17/2023,sh014,Z2504
1640,ro1640,3/17/2023,sh014,H8818
1641,ro1641,3/18/2023,sh015,R3650
1642,ro1642,3/18/2023,sh015,J4757
1643,ro1643,3/18/2023,sh015,Z4564
1644,ro1644,3/18/2023,sh015,U3064
1645,ro1645,3/19/2023,sh016,W1763
1646,ro1646,3/19/2023,sh016,H2843
1647,ro1647,3/19/2023,sh016,Z2504
1648,ro1648,3/19/2023,sh016,H8818
1649,ro1649,3/20/2023,sh017,E9371
1650,ro1650,3/20/2023,sh017,H2843
1651,ro1651,3/20/2023,sh017,Z2504
1652,ro1652,3/20/2023,sh017,H8818
1653,ro1653,3/21/2023,sh018,R3650
1654,ro1654,3/21/2023,sh018,J4757
1655,ro1655,3/21/2023,sh018,Z4564
1656,ro1656,3/21/2023,sh018,U3064
1657,ro1657,3/22/2023,sh001,W1763
1658,ro1658,3/22/2023,sh001,H2843
1659,ro1659,3/22/2023,sh001,Z2504
1660,ro1660,3/22/2023,sh001,H8818
1661,ro1661,3/23/2023,sh002,E9371
1662,ro1662,3/23/2023,sh002,H2843
1663,ro1663,3/23/2023,sh002,Z2504
1664,ro1664,3/23/2023,sh002,H8818
1665,ro1665,3/24/2023,sh003,R3650
1666,ro1666,3/24/2023,sh003,J4757
1667,ro1667,3/24/2023,sh003,Z4564
1668,ro1668,3/24/2023,sh003,U3064
1669,ro1669,3/25/2023,sh004,W1763
1670,ro1670,3/25/2023,sh004,H2843
1671,ro1671,3/25/2023,sh004,Z2504
1672,ro1672,3/25/2023,sh004,H8818
1673,ro1673,3/26/2023,sh005,E9371
1674,ro1674,3/26/2023,sh005,H2843
1675,ro1675,3/26/2023,sh005,Z2504
1676,ro1676,3/26/2023,sh005,H8818
1677,ro1677,3/27/2023,sh006,R3650
1678,ro1678,3/27/2023,sh006,J4757
1679,ro1679,3/27/2023,sh006,Z4564
1680,ro1680,3/27/2023,sh006,U3064
1681,ro1681,3/28/2023,sh007,W1763
1682,ro1682,3/28/2023,sh007,H2843
1683,ro1683,3/28/2023,sh007,Z2504
1684,ro1684,3/28/2023,sh007,H8818
1685,ro1685,3/29/2023,sh008,E9371
1686,ro1686,3/29/2023,sh008,H2843
1687,ro1687,3/29/2023,sh008,Z2504
1688,ro1688,3/29/2023,sh008,H8818
1689,ro1689,3/30/2023,sh009,R3650
1690,ro1690,3/30/2023,sh009,J4757
1691,ro1691,3/30/2023,sh009,Z4564
1692,ro1692,3/30/2023,sh009,U3064
1693,ro1693,3/31/2023,sh010,W1763
1694,ro1694,3/31/2023,sh010,H2843
1695,ro1695,3/31/2023,sh010,Z2504
1696,ro1696,3/31/2023,sh010,H8818
1697,ro1697,4/1/2023,sh011,E9371
1698,ro1698,4/1/2023,sh011,H2843
1699,ro1699,4/1/2023,sh011,Z2504
1700,ro1700,4/1/2023,sh011,H8818
1701,ro1701,4/2/2023,sh012,R3650
1702,ro1702,4/2/2023,sh012,J4757
1703,ro1703,4/2/2023,sh012,Z4564
1704,ro1704,4/2/2023,sh012,U3064
1705,ro1705,4/3/2023,sh013,W1763
1706,ro1706,4/3/2023,sh013,H2843
1707,ro1707,4/3/2023,sh013,Z2504
1708,ro1708,4/3/2023,sh013,H8818
1709,ro1709,4/4/2023,sh014,E9371
1710,ro1710,4/4/2023,sh014,H2843
1711,ro1711,4/4/2023,sh014,Z2504
1712,ro1712,4/4/2023,sh014,H8818
1713,ro1713,4/5/2023,sh015,R3650
1714,ro1714,4/5/2023,sh015,J4757
1715,ro1715,4/5/2023,sh015,Z4564
1716,ro1716,4/5/2023,sh015,U3064
1717,ro1717,4/6/2023,sh016,W1763
1718,ro1718,4/6/2023,sh016,H2843
1719,ro1719,4/6/2023,sh016,Z2504
1720,ro1720,4/6/2023,sh016,H8818
1721,ro1721,4/7/2023,sh017,E9371
1722,ro1722,4/7/2023,sh017,H2843
1723,ro1723,4/7/2023,sh017,Z2504
1724,ro1724,4/7/2023,sh017,H8818
1725,ro1725,4/8/2023,sh018,R3650
1726,ro1726,4/8/2023,sh018,J4757
1727,ro1727,4/8/2023,sh018,Z4564
1728,ro1728,4/8/2023,sh018,U3064
1729,ro1729,4/9/2023,sh001,W1763
1730,ro1730,4/9/2023,sh001,H2843
1731,ro1731,4/9/2023,sh001,Z2504
1732,ro1732,4/9/2023,sh001,H8818
1733,ro1733,4/10/2023,sh002,E9371
1734,ro1734,4/10/2023,sh002,H2843
1735,ro1735,4/10/2023,sh002,Z2504
1736,ro1736,4/10/2023,sh002,H8818
1737,ro1737,4/11/2023,sh003,R3650
1738,ro1738,4/11/2023,sh003,J4757
1739,ro1739,4/11/2023,sh003,Z4564
1740,ro1740,4/11/2023,sh003,U3064
1741,ro1741,4/12/2023,sh004,W1763
1742,ro1742,4/12/2023,sh004,H2843
1743,ro1743,4/12/2023,sh004,Z2504
1744,ro1744,4/12/2023,sh004,H8818
1745,ro1745,4/13/2023,sh005,E9371
1746,ro1746,4/13/2023,sh005,H2843
1747,ro1747,4/13/2023,sh005,Z2504
1748,ro1748,4/13/2023,sh005,H8818
1749,ro1749,4/14/2023,sh006,R3650
1750,ro1750,4/14/2023,sh006,J4757
1751,ro1751,4/14/2023,sh006,Z4564
1752,ro1752,4/14/2023,sh006,U3064
1753,ro1753,4/15/2023,sh007,W1763
1754,ro1754,4/15/2023,sh007,H2843
1755,ro1755,4/15/2023,sh007,Z2504
1756,ro1756,4/15/2023,sh007,H8818
1757,ro1757,4/16/2023,sh008,E9371
1758,ro1758,4/16/2023,sh008,H2843
1759,ro1759,4/16/2023,sh008,Z2504
1760,ro1760,4/16/2023,sh008,H8818
1761,ro1761,4/17/2023,sh009,R3650
1762,ro1762,4/17/2023,sh009,J4757
1763,ro1763,4/17/2023,sh009,Z4564
1764,ro1764,4/17/2023,sh009,U3064
1765,ro1765,4/18/2023,sh010,W1763
1766,ro1766,4/18/2023,sh010,H2843
1767,ro1767,4/18/2023,sh010,Z2504
1768,ro1768,4/18/2023,sh010,H8818
1769,ro1769,4/19/2023,sh011,E9371
1770,ro1770,4/19/2023,sh011,H2843
1771,ro1771,4/19/2023,sh011,Z2504
1772,ro1772,4/19/2023,sh011,H8818
1773,ro1773,4/20/2023,sh012,R3650
1774,ro1774,4/20/2023,sh012,J4757
1775,ro1775,4/20/2023,sh012,Z4564
1776,ro1776,4/20/2023,sh012,U3064
1777,ro1777,4/21/2023,sh013,W1763
1778,ro1778,4/21/2023,sh013,H2843
1779,ro1779,4/21/2023,sh013,Z2504
1780,ro1780,4/21/2023,sh013,H8818
1781,ro1781,4/22/2023,sh014,E9371
1782,ro1782,4/22/2023,sh014,H2843
1783,ro1783,4/22/2023,sh014,Z2504
1784,ro1784,4/22/2023,sh014,H8818
1785,ro1785,4/23/2023,sh015,R3650
1786,ro1786,4/23/2023,sh015,J4757
1787,ro1787,4/23/2023,sh015,Z4564
1788,ro1788,4/23/2023,sh015,U3064
1789,ro1789,4/24/2023,sh016,W1763
1790,ro1790,4/24/2023,sh016,H2843
1791,ro1791,4/24/2023,sh016,Z2504
1792,ro1792,4/24/2023,sh016,H8818
1793,ro1793,4/25/2023,sh017,E9371
1794,ro1794,4/25/2023,sh017,H2843
1795,ro1795,4/25/2023,sh017,Z2504
1796,ro1796,4/25/2023,sh017,H8818
1797,ro1797,4/26/2023,sh018,R3650
1798,ro1798,4/26/2023,sh018,J4757
1799,ro1799,4/26/2023,sh018,Z4564
1800,ro1800,4/26/2023,sh018,U3064
1801,ro1801,4/27/2023,sh001,W1763
1802,ro1802,4/27/2023,sh001,H2843
1803,ro1803,4/27/2023,sh001,Z2504
1804,ro1804,4/27/2023,sh001,H8818
1805,ro1805,4/28/2023,sh002,E9371
1806,ro1806,4/28/2023,sh002,H2843
1807,ro1807,4/28/2023,sh002,Z2504
1808,ro1808,4/28/2023,sh002,H8818
1809,ro1809,4/29/2023,sh003,R3650
1810,ro1810,4/29/2023,sh003,J4757
1811,ro1811,4/29/2023,sh003,Z4564
1812,ro1812,4/29/2023,sh003,U3064
1813,ro1813,4/30/2023,sh004,W1763
1814,ro1814,4/30/2023,sh004,H2843
1815,ro1815,4/30/2023,sh004,Z2504
1816,ro1816,4/30/2023,sh004,H8818
1817,ro1817,5/1/2023,sh005,E9371
1818,ro1818,5/1/2023,sh005,H2843
1819,ro1819,5/1/2023,sh005,Z2504
1820,ro1820,5/1/2023,sh005,H8818
1821,ro1821,5/2/2023,sh006,R3650
1822,ro1822,5/2/2023,sh006,J4757
1823,ro1823,5/2/2023,sh006,Z4564
1824,ro1824,5/2/2023,sh006,U3064
1825,ro1825,5/3/2023,sh007,W1763
1826,ro1826,5/3/2023,sh007,H2843
1827,ro1827,5/3/2023,sh007,Z2504
1828,ro1828,5/3/2023,sh007,H8818
1829,ro1829,5/4/2023,sh008,E9371
1830,ro1830,5/4/2023,sh008,H2843
1831,ro1831,5/4/2023,sh008,Z2504
1832,ro1832,5/4/2023,sh008,H8818
1833,ro1833,5/5/2023,sh009,R3650
1834,ro1834,5/5/2023,sh009,J4757
1835,ro1835,5/5/2023,sh009,Z4564
1836,ro1836,5/5/2023,sh009,U3064
1837,ro1837,5/6/2023,sh010,W1763
1838,ro1838,5/6/2023,sh010,H2843
1839,ro1839,5/6/2023,sh010,Z2504
1840,ro1840,5/6/2023,sh010,H8818
1841,ro1841,5/7/2023,sh011,E9371
1842,ro1842,5/7/2023,sh011,H2843
1843,ro1843,5/7/2023,sh011,Z2504
1844,ro1844,5/7/2023,sh011,H8818
1845,ro1845,5/8/2023,sh012,R3650
1846,ro1846,5/8/2023,sh012,J4757
1847,ro1847,5/8/2023,sh012,Z4564
1848,ro1848,5/8/2023,sh012,U3064
1849,ro1849,5/9/2023,sh013,W1763
1850,ro1850,5/9/2023,sh013,H2843
1851,ro1851,5/9/2023,sh013,Z2504
1852,ro1852,5/9/2023,sh013,H8818
1853,ro1853,5/10/2023,sh014,E9371
1854,ro1854,5/10/2023,sh014,H2843
1855,ro1855,5/10/2023,sh014,Z2504
1856,ro1856,5/10/2023,sh014,H8818
1857,ro1857,5/11/2023,sh015,R3650
1858,ro1858,5/11/2023,sh015,J4757
1859,ro1859,5/11/2023,sh015,Z4564
1860,ro1860,5/11/2023,sh015,U3064
1861,ro1861,5/12/2023,sh016,W1763
1862,ro1862,5/12/2023,sh016,H2843
1863,ro1863,5/12/2023,sh016,Z2504
1864,ro1864,5/12/2023,sh016,H8818
1865,ro1865,5/13/2023,sh017,E9371
1866,ro1866,5/13/2023,sh017,H2843
1867,ro1867,5/13/2023,sh017,Z2504
1868,ro1868,5/13/2023,sh017,H8818
1869,ro1869,5/14/2023,sh018,R3650
1870,ro1870,5/14/2023,sh018,J4757
1871,ro1871,5/14/2023,sh018,Z4564
1872,ro1872,5/14/2023,sh018,U3064
1873,ro1873,5/15/2023,sh001,W1763
1874,ro1874,5/15/2023,sh001,H2843
1875,ro1875,5/15/2023,sh001,Z2504
1876,ro1876,5/15/2023,sh001,H8818
1877,ro1877,5/16/2023,sh002,E9371
1878,ro1878,5/16/2023,sh002,H2843
1879,ro1879,5/16/2023,sh002,Z2504
1880,ro1880,5/16/2023,sh002,H8818
1881,ro1881,5/17/2023,sh003,R3650
1882,ro1882,5/17/2023,sh003,J4757
1883,ro1883,5/17/2023,sh003,Z4564
1884,ro1884,5/17/2023,sh003,U3064
1885,ro1885,5/18/2023,sh004,W1763
1886,ro1886,5/18/2023,sh004,H2843
1887,ro1887,5/18/2023,sh004,Z2504
1888,ro1888,5/18/2023,sh004,H8818
1889,ro1889,5/19/2023,sh005,E9371
1890,ro1890,5/19/2023,sh005,H2843
1891,ro1891,5/19/2023,sh005,Z2504
1892,ro1892,5/19/2023,sh005,H8818
1893,ro1893,5/20/2023,sh006,R3650
1894,ro1894,5/20/2023,sh006,J4757
1895,ro1895,5/20/2023,sh006,Z4564
1896,ro1896,5/20/2023,sh006,U3064
1897,ro1897,5/21/2023,sh007,W1763
1898,ro1898,5/21/2023,sh007,H2843
1899,ro1899,5/21/2023,sh007,Z2504
1900,ro1900,5/21/2023,sh007,H8818
1901,ro1901,5/22/2023,sh008,E9371
1902,ro1902,5/22/2023,sh008,H2843
1903,ro1903,5/22/2023,sh008,Z2504
1904,ro1904,5/22/2023,sh008,H8818
1905,ro1905,5/23/2023,sh009,R3650
1906,ro1906,5/23/2023,sh009,J4757
1907,ro1907,5/23/2023,sh009,Z4564
1908,ro1908,5/23/2023,sh009,U3064
1909,ro1909,5/24/2023,sh010,W1763
1910,ro1910,5/24/2023,sh010,H2843
1911,ro1911,5/24/2023,sh010,Z2504
1912,ro1912,5/24/2023,sh010,H8818
1913,ro1913,5/25/2023,sh011,E9371
1914,ro1914,5/25/2023,sh011,H2843
1915,ro1915,5/25/2023,sh011,Z2504
1916,ro1916,5/25/2023,sh011,H8818
1917,ro1917,5/26/2023,sh012,R3650
1918,ro1918,5/26/2023,sh012,J4757
1919,ro1919,5/26/2023,sh012,Z4564
1920,ro1920,5/26/2023,sh012,U3064
1921,ro1921,5/27/2023,sh013,W1763
1922,ro1922,5/27/2023,sh013,H2843
1923,ro1923,5/27/2023,sh013,Z2504
1924,ro1924,5/27/2023,sh013,H8818
1925,ro1925,5/28/2023,sh014,E9371
1926,ro1926,5/28/2023,sh014,H2843
1927,ro1927,5/28/2023,sh014,Z2504
1928,ro1928,5/28/2023,sh014,H8818
1929,ro1929,5/29/2023,sh015,R3650
1930,ro1930,5/29/2023,sh015,J4757
1931,ro1931,5/29/2023,sh015,Z4564
1932,ro1932,5/29/2023,sh015,U3064
1933,ro1933,5/30/2023,sh016,W1763
1934,ro1934,5/30/2023,sh016,H2843
1935,ro1935,5/30/2023,sh016,Z2504
1936,ro1936,5/30/2023,sh016,H8818
1937,ro1937,5/31/2023,sh017,E9371
1938,ro1938,5/31/2023,sh017,H2843
1939,ro1939,5/31/2023,sh017,Z2504
1940,ro1940,5/31/2023,sh017,H8818
1941,ro1941,6/1/2023,sh018,R3650
1942,ro1942,6/1/2023,sh018,J4757
1943,ro1943,6/1/2023,sh018,Z4564
1944,ro1944,6/1/2023,sh018,U3064
1945,ro1945,6/2/2023,sh001,W1763
1946,ro1946,6/2/2023,sh001,H2843
1947,ro1947,6/2/2023,sh001,Z2504
1948,ro1948,6/2/2023,sh001,H8818
1949,ro1949,6/3/2023,sh002,E9371
1950,ro1950,6/3/2023,sh002,H2843
1951,ro1951,6/3/2023,sh002,Z2504
1952,ro1952,6/3/2023,sh002,H8818
1953,ro1953,6/4/2023,sh003,R3650
1954,ro1954,6/4/2023,sh003,J4757
1955,ro1955,6/4/2023,sh003,Z4564
1956,ro1956,6/4/2023,sh003,U3064
1957,ro1957,6/5/2023,sh004,W1763
1958,ro1958,6/5/2023,sh004,H2843
1959,ro1959,6/5/2023,sh004,Z2504
1960,ro1960,6/5/2023,sh004,H8818
1961,ro1961,6/6/2023,sh005,E9371
1962,ro1962,6/6/2023,sh005,H2843
1963,ro1963,6/6/2023,sh005,Z2504
1964,ro1964,6/6/2023,sh005,H8818
1965,ro1965,6/7/2023,sh006,R3650
1966,ro1966,6/7/2023,sh006,J4757
1967,ro1967,6/7/2023,sh006,Z4564
1968,ro1968,6/7/2023,sh006,U3064
1969,ro1969,6/8/2023,sh007,W1763
1970,ro1970,6/8/2023,sh007,H2843
1971,ro1971,6/8/2023,sh007,Z2504
1972,ro1972,6/8/2023,sh007,H8818
1973,ro1973,6/9/2023,sh008,E9371
1974,ro1974,6/9/2023,sh008,H2843
1975,ro1975,6/9/2023,sh008,Z2504
1976,ro1976,6/9/2023,sh008,H8818
1977,ro1977,6/10/2023,sh009,R3650
1978,ro1978,6/10/2023,sh009,J4757
1979,ro1979,6/10/2023,sh009,Z4564
1980,ro1980,6/10/2023,sh009,U3064
1981,ro1981,6/11/2023,sh010,W1763
1982,ro1982,6/11/2023,sh010,H2843
1983,ro1983,6/11/2023,sh010,Z2504
1984,ro1984,6/11/2023,sh010,H8818
1985,ro1985,6/12/2023,sh011,E9371
1986,ro1986,6/12/2023,sh011,H2843
1987,ro1987,6/12/2023,sh011,Z2504
1988,ro1988,6/12/2023,sh011,H8818
1989,ro1989,6/13/2023,sh012,R3650
1990,ro1990,6/13/2023,sh012,J4757
1991,ro1991,6/13/2023,sh012,Z4564
1992,ro1992,6/13/2023,sh012,U3064
1993,ro1993,6/14/2023,sh013,W1763
1994,ro1994,6/14/2023,sh013,H2843
1995,ro1995,6/14/2023,sh013,Z2504
1996,ro1996,6/14/2023,sh013,H8818
1997,ro1997,6/15/2023,sh014,E9371
1998,ro1998,6/15/2023,sh014,H2843
1999,ro1999,6/15/2023,sh014,Z2504
2000,ro2000,6/15/2023,sh014,H8818
2001,ro2001,6/16/2023,sh015,R3650
2002,ro2002,6/16/2023,sh015,J4757
2003,ro2003,6/16/2023,sh015,Z4564
2004,ro2004,6/16/2023,sh015,U3064
2005,ro2005,6/17/2023,sh016,W1763
2006,ro2006,6/17/2023,sh016,H2843
2007,ro2007,6/17/2023,sh016,Z2504
2008,ro2008,6/17/2023,sh016,H8818
2009,ro2009,6/18/2023,sh017,E9371
2010,ro2010,6/18/2023,sh017,H2843
2011,ro2011,6/18/2023,sh017,Z2504
2012,ro2012,6/18/2023,sh017,H8818
2013,ro2013,6/19/2023,sh018,R3650
2014,ro2014,6/19/2023,sh018,J4757
2015,ro2015,6/19/2023,sh018,Z4564
2016,ro2016,6/19/2023,sh018,U3064
2017,ro2017,6/20/2023,sh001,W1763
2018,ro2018,6/20/2023,sh001,H2843
2019,ro2019,6/20/2023,sh001,Z2504
2020,ro2020,6/20/2023,sh001,H8818
2021,ro2021,6/21/2023,sh002,E9371
2022,ro2022,6/21/2023,sh002,H2843
2023,ro2023,6/21/2023,sh002,Z2504
2024,ro2024,6/21/2023,sh002,H8818
2025,ro2025,6/22/2023,sh003,R3650
2026,ro2026,6/22/2023,sh003,J4757
2027,ro2027,6/22/2023,sh003,Z4564
2028,ro2028,6/22/2023,sh003,U3064
2029,ro2029,6/23/2023,sh004,W1763
2030,ro2030,6/23/2023,sh004,H2843
2031,ro2031,6/23/2023,sh004,Z2504
2032,ro2032,6/23/2023,sh004,H8818
2033,ro2033,6/24/2023,sh005,E9371
2034,ro2034,6/24/2023,sh005,H2843
2035,ro2035,6/24/2023,sh005,Z2504
2036,ro2036,6/24/2023,sh005,H8818
2037,ro2037,6/25/2023,sh006,R3650
2038,ro2038,6/25/2023,sh006,J4757
2039,ro2039,6/25/2023,sh006,Z4564
2040,ro2040,6/25/2023,sh006,U3064
2041,ro2041,6/26/2023,sh007,W1763
2042,ro2042,6/26/2023,sh007,H2843
2043,ro2043,6/26/2023,sh007,Z2504
2044,ro2044,6/26/2023,sh007,H8818
2045,ro2045,6/27/2023,sh008,E9371
2046,ro2046,6/27/2023,sh008,H2843
2047,ro2047,6/27/2023,sh008,Z2504
2048,ro2048,6/27/2023,sh008,H8818
2049,ro2049,6/28/2023,sh009,R3650
2050,ro2050,6/28/2023,sh009,J4757
2051,ro2051,6/28/2023,sh009,Z4564
2052,ro2052,6/28/2023,sh009,U3064
2053,ro2053,6/29/2023,sh010,W1763
2054,ro2054,6/29/2023,sh010,H2843
2055,ro2055,6/29/2023,sh010,Z2504
2056,ro2056,6/29/2023,sh010,H8818
2057,ro2057,6/30/2023,sh011,E9371
2058,ro2058,6/30/2023,sh011,H2843
2059,ro2059,6/30/2023,sh011,Z2504
2060,ro2060,6/30/2023,sh011,H8818
2061,ro2061,7/1/2023,sh012,R3650
2062,ro2062,7/1/2023,sh012,J4757
2063,ro2063,7/1/2023,sh012,Z4564
2064,ro2064,7/1/2023,sh012,U3064
2065,ro2065,7/2/2023,sh013,W1763
2066,ro2066,7/2/2023,sh013,H2843
2067,ro2067,7/2/2023,sh013,Z2504
2068,ro2068,7/2/2023,sh013,H8818
2069,ro2069,7/3/2023,sh014,E9371
2070,ro2070,7/3/2023,sh014,H2843
2071,ro2071,7/3/2023,sh014,Z2504
2072,ro2072,7/3/2023,sh014,H8818
2073,ro2073,7/4/2023,sh015,R3650
2074,ro2074,7/4/2023,sh015,J4757
2075,ro2075,7/4/2023,sh015,Z4564
2076,ro2076,7/4/2023,sh015,U3064
2077,ro2077,7/5/2023,sh016,W1763
2078,ro2078,7/5/2023,sh016,H2843
2079,ro2079,7/5/2023,sh016,Z2504
2080,ro2080,7/5/2023,sh016,H8818
2081,ro2081,7/6/2023,sh017,E9371
2082,ro2082,7/6/2023,sh017,H2843
2083,ro2083,7/6/2023,sh017,Z2504
2084,ro2084,7/6/2023,sh017,H8818
2085,ro2085,7/7/2023,sh018,R3650
2086,ro2086,7/7/2023,sh018,J4757
2087,ro2087,7/7/2023,sh018,Z4564
2088,ro2088,7/7/2023,sh018,U3064
2089,ro2089,7/8/2023,sh001,W1763
2090,ro2090,7/8/2023,sh001,H2843
2091,ro2091,7/8/2023,sh001,Z2504
2092,ro2092,7/8/2023,sh001,H8818
2093,ro2093,7/9/2023,sh002,E9371
2094,ro2094,7/9/2023,sh002,H2843
2095,ro2095,7/9/2023,sh002,Z2504
2096,ro2096,7/9/2023,sh002,H8818
2097,ro2097,7/10/2023,sh003,R3650
2098,ro2098,7/10/2023,sh003,J4757
2099,ro2099,7/10/2023,sh003,Z4564
2100,ro2100,7/10/2023,sh003,U3064
2101,ro2101,7/11/2023,sh004,W1763
2102,ro2102,7/11/2023,sh004,H2843
2103,ro2103,7/11/2023,sh004,Z2504
2104,ro2104,7/11/2023,sh004,H8818
2105,ro2105,7/12/2023,sh005,E9371
2106,ro2106,7/12/2023,sh005,H2843
2107,ro2107,7/12/2023,sh005,Z2504
2108,ro2108,7/12/2023,sh005,H8818
2109,ro2109,7/13/2023,sh006,R3650
2110,ro2110,7/13/2023,sh006,J4757
2111,ro2111,7/13/2023,sh006,Z4564
2112,ro2112,7/13/2023,sh006,U3064
2113,ro2113,7/14/2023,sh007,W1763
2114,ro2114,7/14/2023,sh007,H2843
2115,ro2115,7/14/2023,sh007,Z2504
2116,ro2116,7/14/2023,sh007,H8818
2117,ro2117,7/15/2023,sh008,E9371
2118,ro2118,7/15/2023,sh008,H2843
2119,ro2119,7/15/2023,sh008,Z2504
2120,ro2120,7/15/2023,sh008,H8818
2121,ro2121,7/16/2023,sh009,R3650
2122,ro2122,7/16/2023,sh009,J4757
2123,ro2123,7/16/2023,sh009,Z4564
2124,ro2124,7/16/2023,sh009,U3064
2125,ro2125,7/17/2023,sh010,W1763
2126,ro2126,7/17/2023,sh010,H2843
2127,ro2127,7/17/2023,sh010,Z2504
2128,ro2128,7/17/2023,sh010,H8818
2129,ro2129,7/18/2023,sh011,E9371
2130,ro2130,7/18/2023,sh011,H2843
2131,ro2131,7/18/2023,sh011,Z2504
2132,ro2132,7/18/2023,sh011,H8818
2133,ro2133,7/19/2023,sh012,R3650
2134,ro2134,7/19/2023,sh012,J4757
2135,ro2135,7/19/2023,sh012,Z4564
2136,ro2136,7/19/2023,sh012,U3064
2137,ro2137,7/20/2023,sh013,W1763
2138,ro2138,7/20/2023,sh013,H2843
2139,ro2139,7/20/2023,sh013,Z2504
2140,ro2140,7/20/2023,sh013,H8818
2141,ro2141,7/21/2023,sh014,E9371
2142,ro2142,7/21/2023,sh014,H2843
2143,ro2143,7/21/2023,sh014,Z2504
2144,ro2144,7/21/2023,sh014,H8818
2145,ro2145,7/22/2023,sh015,R3650
2146,ro2146,7/22/2023,sh015,J4757
2147,ro2147,7/22/2023,sh015,Z4564
2148,ro2148,7/22/2023,sh015,U3064
2149,ro2149,7/23/2023,sh016,W1763
2150,ro2150,7/23/2023,sh016,H2843
2151,ro2151,7/23/2023,sh016,Z2504
2152,ro2152,7/23/2023,sh016,H8818
2153,ro2153,7/24/2023,sh017,E9371
2154,ro2154,7/24/2023,sh017,H2843
2155,ro2155,7/24/2023,sh017,Z2504
2156,ro2156,7/24/2023,sh017,H8818
2157,ro2157,7/25/2023,sh018,R3650
2158,ro2158,7/25/2023,sh018,J4757
2159,ro2159,7/25/2023,sh018,Z4564
2160,ro2160,7/25/2023,sh018,U3064
2161,ro2161,7/26/2023,sh001,W1763
2162,ro2162,7/26/2023,sh001,H2843
2163,ro2163,7/26/2023,sh001,Z2504
2164,ro2164,7/26/2023,sh001,H8818
2165,ro2165,7/27/2023,sh002,E9371
2166,ro2166,7/27/2023,sh002,H2843
2167,ro2167,7/27/2023,sh002,Z2504
2168,ro2168,7/27/2023,sh002,H8818
2169,ro2169,7/28/2023,sh003,R3650
2170,ro2170,7/28/2023,sh003,J4757
2171,ro2171,7/28/2023,sh003,Z4564
2172,ro2172,7/28/2023,sh003,U3064
2173,ro2173,7/29/2023,sh004,W1763
2174,ro2174,7/29/2023,sh004,H2843
2175,ro2175,7/29/2023,sh004,Z2504
2176,ro2176,7/29/2023,sh004,H8818
2177,ro2177,7/30/2023,sh005,E9371
2178,ro2178,7/30/2023,sh005,H2843
2179,ro2179,7/30/2023,sh005,Z2504
2180,ro2180,7/30/2023,sh005,H8818
2181,ro2181,7/31/2023,sh006,R3650
2182,ro2182,7/31/2023,sh006,J4757
2183,ro2183,7/31/2023,sh006,Z4564
2184,ro2184,7/31/2023,sh006,U3064
2185,ro2185,8/1/2023,sh007,W1763
2186,ro2186,8/1/2023,sh007,H2843
2187,ro2187,8/1/2023,sh007,Z2504
2188,ro2188,8/1/2023,sh007,H8818
2189,ro2189,8/2/2023,sh008,E9371
2190,ro2190,8/2/2023,sh008,H2843
2191,ro2191,8/2/2023,sh008,Z2504
2192,ro2192,8/2/2023,sh008,H8818
2193,ro2193,8/3/2023,sh009,R3650
2194,ro2194,8/3/2023,sh009,J4757
2195,ro2195,8/3/2023,sh009,Z4564
2196,ro2196,8/3/2023,sh009,U3064
2197,ro2197,8/4/2023,sh010,W1763
2198,ro2198,8/4/2023,sh010,H2843
2199,ro2199,8/4/2023,sh010,Z2504
2200,ro2200,8/4/2023,sh010,H8818
2201,ro2201,8/5/2023,sh011,E9371
2202,ro2202,8/5/2023,sh011,H2843
2203,ro2203,8/5/2023,sh011,Z2504
2204,ro2204,8/5/2023,sh011,H8818
2205,ro2205,8/6/2023,sh012,R3650
2206,ro2206,8/6/2023,sh012,J4757
2207,ro2207,8/6/2023,sh012,Z4564
2208,ro2208,8/6/2023,sh012,U3064
2209,ro2209,8/7/2023,sh013,W1763
2210,ro2210,8/7/2023,sh013,H2843
2211,ro2211,8/7/2023,sh013,Z2504
2212,ro2212,8/7/2023,sh013,H8818
2213,ro2213,8/8/2023,sh014,E9371
2214,ro2214,8/8/2023,sh014,H2843
2215,ro2215,8/8/2023,sh014,Z2504
2216,ro2216,8/8/2023,sh014,H8818
2217,ro2217,8/9/2023,sh015,R3650
2218,ro2218,8/9/2023,sh015,J4757
2219,ro2219,8/9/2023,sh015,Z4564
2220,ro2220,8/9/2023,sh015,U3064
2221,ro2221,8/10/2023,sh016,W1763
2222,ro2222,8/10/2023,sh016,H2843
2223,ro2223,8/10/2023,sh016,Z2504
2224,ro2224,8/10/2023,sh016,H8818
2225,ro2225,8/11/2023,sh017,E9371
2226,ro2226,8/11/2023,sh017,H2843
2227,ro2227,8/11/2023,sh017,Z2504
2228,ro2228,8/11/2023,sh017,H8818
2229,ro2229,8/12/2023,sh018,R3650
2230,ro2230,8/12/2023,sh018,J4757
2231,ro2231,8/12/2023,sh018,Z4564
2232,ro2232,8/12/2023,sh018,U3064
2233,ro2233,8/13/2023,sh001,W1763
2234,ro2234,8/13/2023,sh001,H2843
2235,ro2235,8/13/2023,sh001,Z2504
2236,ro2236,8/13/2023,sh001,H8818
2237,ro2237,8/14/2023,sh002,E9371
2238,ro2238,8/14/2023,sh002,H2843
2239,ro2239,8/14/2023,sh002,Z2504
2240,ro2240,8/14/2023,sh002,H8818
2241,ro2241,8/15/2023,sh003,R3650
2242,ro2242,8/15/2023,sh003,J4757
2243,ro2243,8/15/2023,sh003,Z4564
2244,ro2244,8/15/2023,sh003,U3064
2245,ro2245,8/16/2023,sh004,W1763
2246,ro2246,8/16/2023,sh004,H2843
2247,ro2247,8/16/2023,sh004,Z2504
2248,ro2248,8/16/2023,sh004,H8818
2249,ro2249,8/17/2023,sh005,E9371
2250,ro2250,8/17/2023,sh005,H2843
2251,ro2251,8/17/2023,sh005,Z2504
2252,ro2252,8/17/2023,sh005,H8818
2253,ro2253,8/18/2023,sh006,R3650
2254,ro2254,8/18/2023,sh006,J4757
2255,ro2255,8/18/2023,sh006,Z4564
2256,ro2256,8/18/2023,sh006,U3064
2257,ro2257,8/19/2023,sh007,W1763
2258,ro2258,8/19/2023,sh007,H2843
2259,ro2259,8/19/2023,sh007,Z2504
2260,ro2260,8/19/2023,sh007,H8818
2261,ro2261,8/20/2023,sh008,E9371
2262,ro2262,8/20/2023,sh008,H2843
2263,ro2263,8/20/2023,sh008,Z2504
2264,ro2264,8/20/2023,sh008,H8818
2265,ro2265,8/21/2023,sh009,R3650
2266,ro2266,8/21/2023,sh009,J4757
2267,ro2267,8/21/2023,sh009,Z4564
2268,ro2268,8/21/2023,sh009,U3064
2269,ro2269,8/22/2023,sh010,W1763
2270,ro2270,8/22/2023,sh010,H2843
2271,ro2271,8/22/2023,sh010,Z2504
2272,ro2272,8/22/2023,sh010,H8818
2273,ro2273,8/23/2023,sh011,E9371
2274,ro2274,8/23/2023,sh011,H2843
2275,ro2275,8/23/2023,sh011,Z2504
2276,ro2276,8/23/2023,sh011,H8818
2277,ro2277,8/24/2023,sh012,R3650
2278,ro2278,8/24/2023,sh012,J4757
2279,ro2279,8/24/2023,sh012,Z4564
2280,ro2280,8/24/2023,sh012,U3064
2281,ro2281,8/25/2023,sh013,W1763
2282,ro2282,8/25/2023,sh013,H2843
2283,ro2283,8/25/2023,sh013,Z2504
2284,ro2284,8/25/2023,sh013,H8818
2285,ro2285,8/26/2023,sh014,E9371
2286,ro2286,8/26/2023,sh014,H2843
2287,ro2287,8/26/2023,sh014,Z2504
2288,ro2288,8/26/2023,sh014,H8818
2289,ro2289,8/27/2023,sh015,R3650
2290,ro2290,8/27/2023,sh015,J4757
2291,ro2291,8/27/2023,sh015,Z4564
2292,ro2292,8/27/2023,sh015,U3064
2293,ro2293,8/28/2023,sh016,W1763
2294,ro2294,8/28/2023,sh016,H2843
2295,ro2295,8/28/2023,sh016,Z2504
2296,ro2296,8/28/2023,sh016,H8818
2297,ro2297,8/29/2023,sh017,E9371
2298,ro2298,8/29/2023,sh017,H2843
2299,ro2299,8/29/2023,sh017,Z2504
2300,ro2300,8/29/2023,sh017,H8818
2301,ro2301,8/30/2023,sh018,R3650
2302,ro2302,8/30/2023,sh018,J4757
2303,ro2303,8/30/2023,sh018,Z4564
2304,ro2304,8/30/2023,sh018,U3064
2305,ro2305,8/31/2023,sh001,W1763
2306,ro2306,8/31/2023,sh001,H2843
2307,ro2307,8/31/2023,sh001,Z2504
2308,ro2308,8/31/2023,sh001,H8818
2309,ro2309,9/1/2023,sh002,E9371
2310,ro2310,9/1/2023,sh002,H2843
2311,ro2311,9/1/2023,sh002,Z2504
2312,ro2312,9/1/2023,sh002,H8818
2313,ro2313,9/2/2023,sh003,R3650
2314,ro2314,9/2/2023,sh003,J4757
2315,ro2315,9/2/2023,sh003,Z4564
2316,ro2316,9/2/2023,sh003,U3064
2317,ro2317,9/3/2023,sh004,W1763
2318,ro2318,9/3/2023,sh004,H2843
2319,ro2319,9/3/2023,sh004,Z2504
2320,ro2320,9/3/2023,sh004,H8818
2321,ro2321,9/4/2023,sh005,E9371
2322,ro2322,9/4/2023,sh005,H2843
2323,ro2323,9/4/2023,sh005,Z2504
2324,ro2324,9/4/2023,sh005,H8818
2325,ro2325,9/5/2023,sh006,R3650
2326,ro2326,9/5/2023,sh006,J4757
2327,ro2327,9/5/2023,sh006,Z4564
2328,ro2328,9/5/2023,sh006,U3064
2329,ro2329,9/6/2023,sh007,W1763
2330,ro2330,9/6/2023,sh007,H2843
2331,ro2331,9/6/2023,sh007,Z2504
2332,ro2332,9/6/2023,sh007,H8818
2333,ro2333,9/7/2023,sh008,E9371
2334,ro2334,9/7/2023,sh008,H2843
2335,ro2335,9/7/2023,sh008,Z2504
2336,ro2336,9/7/2023,sh008,H8818
2337,ro2337,9/8/2023,sh009,R3650
2338,ro2338,9/8/2023,sh009,J4757
2339,ro2339,9/8/2023,sh009,Z4564
2340,ro2340,9/8/2023,sh009,U3064
2341,ro2341,9/9/2023,sh010,W1763
2342,ro2342,9/9/2023,sh010,H2843
2343,ro2343,9/9/2023,sh010,Z2504
2344,ro2344,9/9/2023,sh010,H8818
2345,ro2345,9/10/2023,sh011,E9371
2346,ro2346,9/10/2023,sh011,H2843
2347,ro2347,9/10/2023,sh011,Z2504
2348,ro2348,9/10/2023,sh011,H8818
2349,ro2349,9/11/2023,sh012,R3650
2350,ro2350,9/11/2023,sh012,J4757
2351,ro2351,9/11/2023,sh012,Z4564
2352,ro2352,9/11/2023,sh012,U3064
2353,ro2353,9/12/2023,sh013,W1763
2354,ro2354,9/12/2023,sh013,H2843
2355,ro2355,9/12/2023,sh013,Z2504
2356,ro2356,9/12/2023,sh013,H8818
2357,ro2357,9/13/2023,sh014,E9371
2358,ro2358,9/13/2023,sh014,H2843
2359,ro2359,9/13/2023,sh014,Z2504
2360,ro2360,9/13/2023,sh014,H8818
2361,ro2361,9/14/2023,sh015,R3650
2362,ro2362,9/14/2023,sh015,J4757
2363,ro2363,9/14/2023,sh015,Z4564
2364,ro2364,9/14/2023,sh015,U3064
2365,ro2365,9/15/2023,sh016,W1763
2366,ro2366,9/15/2023,sh016,H2843
2367,ro2367,9/15/2023,sh016,Z2504
2368,ro2368,9/15/2023,sh016,H8818
2369,ro2369,9/16/2023,sh017,E9371
2370,ro2370,9/16/2023,sh017,H2843
2371,ro2371,9/16/2023,sh017,Z2504
2372,ro2372,9/16/2023,sh017,H8818
2373,ro2373,9/17/2023,sh018,R3650
2374,ro2374,9/17/2023,sh018,J4757
2375,ro2375,9/17/2023,sh018,Z4564
2376,ro2376,9/17/2023,sh018,U3064
2377,ro2377,9/18/2023,sh001,W1763
2378,ro2378,9/18/2023,sh001,H2843
2379,ro2379,9/18/2023,sh001,Z2504
2380,ro2380,9/18/2023,sh001,H8818
2381,ro2381,9/19/2023,sh002,E9371
2382,ro2382,9/19/2023,sh002,H2843
2383,ro2383,9/19/2023,sh002,Z2504
2384,ro2384,9/19/2023,sh002,H8818
2385,ro2385,9/20/2023,sh003,R3650
2386,ro2386,9/20/2023,sh003,J4757
2387,ro2387,9/20/2023,sh003,Z4564
2388,ro2388,9/20/2023,sh003,U3064
2389,ro2389,9/21/2023,sh004,W1763
2390,ro2390,9/21/2023,sh004,H2843
2391,ro2391,9/21/2023,sh004,Z2504
2392,ro2392,9/21/2023,sh004,H8818
2393,ro2393,9/22/2023,sh005,E9371
2394,ro2394,9/22/2023,sh005,H2843
2395,ro2395,9/22/2023,sh005,Z2504
2396,ro2396,9/22/2023,sh005,H8818
2397,ro2397,9/23/2023,sh006,R3650
2398,ro2398,9/23/2023,sh006,J4757
2399,ro2399,9/23/2023,sh006,Z4564
2400,ro2400,9/23/2023,sh006,U3064
2401,ro2401,9/24/2023,sh007,W1763
2402,ro2402,9/24/2023,sh007,H2843
2403,ro2403,9/24/2023,sh007,Z2504
2404,ro2404,9/24/2023,sh007,H8818
2405,ro2405,9/25/2023,sh008,E9371
2406,ro2406,9/25/2023,sh008,H2843
2407,ro2407,9/25/2023,sh008,Z2504
2408,ro2408,9/25/2023,sh008,H8818
2409,ro2409,9/26/2023,sh009,R3650
2410,ro2410,9/26/2023,sh009,J4757
2411,ro2411,9/26/2023,sh009,Z4564
2412,ro2412,9/26/2023,sh009,U3064
2413,ro2413,9/27/2023,sh010,W1763
2414,ro2414,9/27/2023,sh010,H2843
2415,ro2415,9/27/2023,sh010,Z2504
2416,ro2416,9/27/2023,sh010,H8818
2417,ro2417,9/28/2023,sh011,E9371
2418,ro2418,9/28/2023,sh011,H2843
2419,ro2419,9/28/2023,sh011,Z2504
2420,ro2420,9/28/2023,sh011,H8818
2421,ro2421,9/29/2023,sh012,R3650
2422,ro2422,9/29/2023,sh012,J4757
2423,ro2423,9/29/2023,sh012,Z4564
2424,ro2424,9/29/2023,sh012,U3064
2425,ro2425,9/30/2023,sh013,W1763
2426,ro2426,9/30/2023,sh013,H2843
2427,ro2427,9/30/2023,sh013,Z2504
2428,ro2428,9/30/2023,sh013,H8818
2429,ro2429,10/1/2023,sh014,E9371
2430,ro2430,10/1/2023,sh014,H2843
2431,ro2431,10/1/2023,sh014,Z2504
2432,ro2432,10/1/2023,sh014,H8818
2433,ro2433,10/2/2023,sh015,R3650
2434,ro2434,10/2/2023,sh015,J4757
2435,ro2435,10/2/2023,sh015,Z4564
2436,ro2436,10/2/2023,sh015,U3064
2437,ro2437,10/3/2023,sh016,W1763
2438,ro2438,10/3/2023,sh016,H2843
2439,ro2439,10/3/2023,sh016,Z2504
2440,ro2440,10/3/2023,sh016,H8818
2441,ro2441,10/4/2023,sh017,E9371
2442,ro2442,10/4/2023,sh017,H2843
2443,ro2443,10/4/2023,sh017,Z2504
2444,ro2444,10/4/2023,sh017,H8818
2445,ro2445,10/5/2023,sh018,R3650
2446,ro2446,10/5/2023,sh018,J4757
2447,ro2447,10/5/2023,sh018,Z4564
2448,ro2448,10/5/2023,sh018,U3064
2449,ro2449,10/6/2023,sh001,W1763
2450,ro2450,10/6/2023,sh001,H2843
2451,ro2451,10/6/2023,sh001,Z2504
2452,ro2452,10/6/2023,sh001,H8818
2453,ro2453,10/7/2023,sh002,E9371
2454,ro2454,10/7/2023,sh002,H2843
2455,ro2455,10/7/2023,sh002,Z2504
2456,ro2456,10/7/2023,sh002,H8818
2457,ro2457,10/8/2023,sh003,R3650
2458,ro2458,10/8/2023,sh003,J4757
2459,ro2459,10/8/2023,sh003,Z4564
2460,ro2460,10/8/2023,sh003,U3064
2461,ro2461,10/9/2023,sh004,W1763
2462,ro2462,10/9/2023,sh004,H2843
2463,ro2463,10/9/2023,sh004,Z2504
2464,ro2464,10/9/2023,sh004,H8818
2465,ro2465,10/10/2023,sh005,E9371
2466,ro2466,10/10/2023,sh005,H2843
2467,ro2467,10/10/2023,sh005,Z2504
2468,ro2468,10/10/2023,sh005,H8818
2469,ro2469,10/11/2023,sh006,R3650
2470,ro2470,10/11/2023,sh006,J4757
2471,ro2471,10/11/2023,sh006,Z4564
2472,ro2472,10/11/2023,sh006,U3064
2473,ro2473,10/12/2023,sh007,W1763
2474,ro2474,10/12/2023,sh007,H2843
2475,ro2475,10/12/2023,sh007,Z2504
2476,ro2476,10/12/2023,sh007,H8818
2477,ro2477,10/13/2023,sh008,E9371
2478,ro2478,10/13/2023,sh008,H2843
2479,ro2479,10/13/2023,sh008,Z2504
2480,ro2480,10/13/2023,sh008,H8818
2481,ro2481,10/14/2023,sh009,R3650
2482,ro2482,10/14/2023,sh009,J4757
2483,ro2483,10/14/2023,sh009,Z4564
2484,ro2484,10/14/2023,sh009,U3064
2485,ro2485,10/15/2023,sh010,W1763
2486,ro2486,10/15/2023,sh010,H2843
2487,ro2487,10/15/2023,sh010,Z2504
2488,ro2488,10/15/2023,sh010,H8818
2489,ro2489,10/16/2023,sh011,E9371
2490,ro2490,10/16/2023,sh011,H2843
2491,ro2491,10/16/2023,sh011,Z2504
2492,ro2492,10/16/2023,sh011,H8818
2493,ro2493,10/17/2023,sh012,R3650
2494,ro2494,10/17/2023,sh012,J4757
2495,ro2495,10/17/2023,sh012,Z4564
2496,ro2496,10/17/2023,sh012,U3064
2497,ro2497,10/18/2023,sh013,W1763
2498,ro2498,10/18/2023,sh013,H2843
2499,ro2499,10/18/2023,sh013,Z2504
2500,ro2500,10/18/2023,sh013,H8818
2501,ro2501,10/19/2023,sh014,E9371
2502,ro2502,10/19/2023,sh014,H2843
2503,ro2503,10/19/2023,sh014,Z2504
2504,ro2504,10/19/2023,sh014,H8818
2505,ro2505,10/20/2023,sh015,R3650
2506,ro2506,10/20/2023,sh015,J4757
2507,ro2507,10/20/2023,sh015,Z4564
2508,ro2508,10/20/2023,sh015,U3064
2509,ro2509,10/21/2023,sh016,W1763
2510,ro2510,10/21/2023,sh016,H2843
2511,ro2511,10/21/2023,sh016,Z2504
2512,ro2512,10/21/2023,sh016,H8818
2513,ro2513,10/22/2023,sh017,E9371
2514,ro2514,10/22/2023,sh017,H2843
2515,ro2515,10/22/2023,sh017,Z2504
2516,ro2516,10/22/2023,sh017,H8818
2517,ro2517,10/23/2023,sh018,R3650
2518,ro2518,10/23/2023,sh018,J4757
2519,ro2519,10/23/2023,sh018,Z4564
2520,ro2520,10/23/2023,sh018,U3064
2521,ro2521,10/24/2023,sh001,W1763
2522,ro2522,10/24/2023,sh001,H2843
2523,ro2523,10/24/2023,sh001,Z2504
2524,ro2524,10/24/2023,sh001,H8818
2525,ro2525,10/25/2023,sh002,E9371
2526,ro2526,10/25/2023,sh002,H2843
2527,ro2527,10/25/2023,sh002,Z2504
2528,ro2528,10/25/2023,sh002,H8818
2529,ro2529,10/26/2023,sh003,R3650
2530,ro2530,10/26/2023,sh003,J4757
2531,ro2531,10/26/2023,sh003,Z4564
2532,ro2532,10/26/2023,sh003,U3064
2533,ro2533,10/27/2023,sh004,W1763
2534,ro2534,10/27/2023,sh004,H2843
2535,ro2535,10/27/2023,sh004,Z2504
2536,ro2536,10/27/2023,sh004,H8818
2537,ro2537,10/28/2023,sh005,E9371
2538,ro2538,10/28/2023,sh005,H2843
2539,ro2539,10/28/2023,sh005,Z2504
2540,ro2540,10/28/2023,sh005,H8818
2541,ro2541,10/29/2023,sh006,R3650
2542,ro2542,10/29/2023,sh006,J4757
2543,ro2543,10/29/2023,sh006,Z4564
2544,ro2544,10/29/2023,sh006,U3064
2545,ro2545,10/30/2023,sh007,W1763
2546,ro2546,10/30/2023,sh007,H2843
2547,ro2547,10/30/2023,sh007,Z2504
2548,ro2548,10/30/2023,sh007,H8818
2549,ro2549,10/31/2023,sh008,E9371
2550,ro2550,10/31/2023,sh008,H2843
2551,ro2551,10/31/2023,sh008,Z2504
2552,ro2552,10/31/2023,sh008,H8818
2553,ro2553,11/1/2023,sh009,R3650
2554,ro2554,11/1/2023,sh009,J4757
2555,ro2555,11/1/2023,sh009,Z4564
2556,ro2556,11/1/2023,sh009,U3064
2557,ro2557,11/2/2023,sh010,W1763
2558,ro2558,11/2/2023,sh010,H2843
2559,ro2559,11/2/2023,sh010,Z2504
2560,ro2560,11/2/2023,sh010,H8818
2561,ro2561,11/3/2023,sh011,E9371
2562,ro2562,11/3/2023,sh011,H2843
2563,ro2563,11/3/2023,sh011,Z2504
2564,ro2564,11/3/2023,sh011,H8818
2565,ro2565,11/4/2023,sh012,R3650
2566,ro2566,11/4/2023,sh012,J4757
2567,ro2567,11/4/2023,sh012,Z4564
2568,ro2568,11/4/2023,sh012,U3064
2569,ro2569,11/5/2023,sh013,W1763
2570,ro2570,11/5/2023,sh013,H2843
2571,ro2571,11/5/2023,sh013,Z2504
2572,ro2572,11/5/2023,sh013,H8818
2573,ro2573,11/6/2023,sh014,E9371
2574,ro2574,11/6/2023,sh014,H2843
2575,ro2575,11/6/2023,sh014,Z2504
2576,ro2576,11/6/2023,sh014,H8818
2577,ro2577,11/7/2023,sh015,R3650
2578,ro2578,11/7/2023,sh015,J4757
2579,ro2579,11/7/2023,sh015,Z4564
2580,ro2580,11/7/2023,sh015,U3064
2581,ro2581,11/8/2023,sh016,W1763
2582,ro2582,11/8/2023,sh016,H2843
2583,ro2583,11/8/2023,sh016,Z2504
2584,ro2584,11/8/2023,sh016,H8818
2585,ro2585,11/9/2023,sh017,E9371
2586,ro2586,11/9/2023,sh017,H2843
2587,ro2587,11/9/2023,sh017,Z2504
2588,ro2588,11/9/2023,sh017,H8818
2589,ro2589,11/10/2023,sh018,R3650
2590,ro2590,11/10/2023,sh018,J4757
2591,ro2591,11/10/2023,sh018,Z4564
2592,ro2592,11/10/2023,sh018,U3064
2593,ro2593,11/11/2023,sh001,W1763
2594,ro2594,11/11/2023,sh001,H2843
2595,ro2595,11/11/2023,sh001,Z2504
2596,ro2596,11/11/2023,sh001,H8818
2597,ro2597,11/12/2023,sh002,E9371
2598,ro2598,11/12/2023,sh002,H2843
2599,ro2599,11/12/2023,sh002,Z2504
2600,ro2600,11/12/2023,sh002,H8818
2601,ro2601,11/13/2023,sh003,R3650
2602,ro2602,11/13/2023,sh003,J4757
2603,ro2603,11/13/2023,sh003,Z4564
2604,ro2604,11/13/2023,sh003,U3064
2605,ro2605,11/14/2023,sh004,W1763
2606,ro2606,11/14/2023,sh004,H2843
2607,ro2607,11/14/2023,sh004,Z2504
2608,ro2608,11/14/2023,sh004,H8818
2609,ro2609,11/15/2023,sh005,E9371
2610,ro2610,11/15/2023,sh005,H2843
2611,ro2611,11/15/2023,sh005,Z2504
2612,ro2612,11/15/2023,sh005,H8818
2613,ro2613,11/16/2023,sh006,R3650
2614,ro2614,11/16/2023,sh006,J4757
2615,ro2615,11/16/2023,sh006,Z4564
2616,ro2616,11/16/2023,sh006,U3064
2617,ro2617,11/17/2023,sh007,W1763
2618,ro2618,11/17/2023,sh007,H2843
2619,ro2619,11/17/2023,sh007,Z2504
2620,ro2620,11/17/2023,sh007,H8818
2621,ro2621,11/18/2023,sh008,E9371
2622,ro2622,11/18/2023,sh008,H2843
2623,ro2623,11/18/2023,sh008,Z2504
2624,ro2624,11/18/2023,sh008,H8818
2625,ro2625,11/19/2023,sh009,R3650
2626,ro2626,11/19/2023,sh009,J4757
2627,ro2627,11/19/2023,sh009,Z4564
2628,ro2628,11/19/2023,sh009,U3064
2629,ro2629,11/20/2023,sh010,W1763
2630,ro2630,11/20/2023,sh010,H2843
2631,ro2631,11/20/2023,sh010,Z2504
2632,ro2632,11/20/2023,sh010,H8818
2633,ro2633,11/21/2023,sh011,E9371
2634,ro2634,11/21/2023,sh011,H2843
2635,ro2635,11/21/2023,sh011,Z2504
2636,ro2636,11/21/2023,sh011,H8818
2637,ro2637,11/22/2023,sh012,R3650
2638,ro2638,11/22/2023,sh012,J4757
2639,ro2639,11/22/2023,sh012,Z4564
2640,ro2640,11/22/2023,sh012,U3064
2641,ro2641,11/23/2023,sh013,W1763
2642,ro2642,11/23/2023,sh013,H2843
2643,ro2643,11/23/2023,sh013,Z2504
2644,ro2644,11/23/2023,sh013,H8818
2645,ro2645,11/24/2023,sh014,E9371
2646,ro2646,11/24/2023,sh014,H2843
2647,ro2647,11/24/2023,sh014,Z2504
2648,ro2648,11/24/2023,sh014,H8818
2649,ro2649,11/25/2023,sh015,R3650
2650,ro2650,11/25/2023,sh015,J4757
2651,ro2651,11/25/2023,sh015,Z4564
2652,ro2652,11/25/2023,sh015,U3064
2653,ro2653,11/26/2023,sh016,W1763
2654,ro2654,11/26/2023,sh016,H2843
2655,ro2655,11/26/2023,sh016,Z2504
2656,ro2656,11/26/2023,sh016,H8818
2657,ro2657,11/27/2023,sh017,E9371
2658,ro2658,11/27/2023,sh017,H2843
2659,ro2659,11/27/2023,sh017,Z2504
2660,ro2660,11/27/2023,sh017,H8818
2661,ro2661,11/28/2023,sh018,R3650
2662,ro2662,11/28/2023,sh018,J4757
2663,ro2663,11/28/2023,sh018,Z4564
2664,ro2664,11/28/2023,sh018,U3064
2665,ro2665,11/29/2023,sh001,W1763
2666,ro2666,11/29/2023,sh001,H2843
2667,ro2667,11/29/2023,sh001,Z2504
2668,ro2668,11/29/2023,sh001,H8818
2669,ro2669,11/30/2023,sh002,E9371
2670,ro2670,11/30/2023,sh002,H2843
2671,ro2671,11/30/2023,sh002,Z2504
2672,ro2672,11/30/2023,sh002,H8818
2673,ro2673,12/1/2023,sh003,R3650
2674,ro2674,12/1/2023,sh003,J4757
2675,ro2675,12/1/2023,sh003,Z4564
2676,ro2676,12/1/2023,sh003,U3064
2677,ro2677,12/2/2023,sh004,W1763
2678,ro2678,12/2/2023,sh004,H2843
2679,ro2679,12/2/2023,sh004,Z2504
2680,ro2680,12/2/2023,sh004,H8818
2681,ro2681,12/3/2023,sh005,E9371
2682,ro2682,12/3/2023,sh005,H2843
2683,ro2683,12/3/2023,sh005,Z2504
2684,ro2684,12/3/2023,sh005,H8818
2685,ro2685,12/4/2023,sh006,R3650
2686,ro2686,12/4/2023,sh006,J4757
2687,ro2687,12/4/2023,sh006,Z4564
2688,ro2688,12/4/2023,sh006,U3064
2689,ro2689,12/5/2023,sh007,W1763
2690,ro2690,12/5/2023,sh007,H2843
2691,ro2691,12/5/2023,sh007,Z2504
2692,ro2692,12/5/2023,sh007,H8818
2693,ro2693,12/6/2023,sh008,E9371
2694,ro2694,12/6/2023,sh008,H2843
2695,ro2695,12/6/2023,sh008,Z2504
2696,ro2696,12/6/2023,sh008,H8818
2697,ro2697,12/7/2023,sh009,R3650
2698,ro2698,12/7/2023,sh009,J4757
2699,ro2699,12/7/2023,sh009,Z4564
2700,ro2700,12/7/2023,sh009,U3064
2701,ro2701,12/8/2023,sh010,W1763
2702,ro2702,12/8/2023,sh010,H2843
2703,ro2703,12/8/2023,sh010,Z2504
2704,ro2704,12/8/2023,sh010,H8818
2705,ro2705,12/9/2023,sh011,E9371
2706,ro2706,12/9/2023,sh011,H2843
2707,ro2707,12/9/2023,sh011,Z2504
2708,ro2708,12/9/2023,sh011,H8818
2709,ro2709,12/10/2023,sh012,R3650
2710,ro2710,12/10/2023,sh012,J4757
2711,ro2711,12/10/2023,sh012,Z4564
2712,ro2712,12/10/2023,sh012,U3064
2713,ro2713,12/11/2023,sh013,W1763
2714,ro2714,12/11/2023,sh013,H2843
2715,ro2715,12/11/2023,sh013,Z2504
2716,ro2716,12/11/2023,sh013,H8818
2717,ro2717,12/12/2023,sh014,E9371
2718,ro2718,12/12/2023,sh014,H2843
2719,ro2719,12/12/2023,sh014,Z2504
2720,ro2720,12/12/2023,sh014,H8818
2721,ro2721,12/13/2023,sh015,R3650
2722,ro2722,12/13/2023,sh015,J4757
2723,ro2723,12/13/2023,sh015,Z4564
2724,ro2724,12/13/2023,sh015,U3064
2725,ro2725,12/14/2023,sh016,W1763
2726,ro2726,12/14/2023,sh016,H2843
2727,ro2727,12/14/2023,sh016,Z2504
2728,ro2728,12/14/2023,sh016,H8818
2729,ro2729,12/15/2023,sh017,E9371
2730,ro2730,12/15/2023,sh017,H2843
2731,ro2731,12/15/2023,sh017,Z2504
2732,ro2732,12/15/2023,sh017,H8818
2733,ro2733,12/16/2023,sh018,R3650
2734,ro2734,12/16/2023,sh018,J4757
2735,ro2735,12/16/2023,sh018,Z4564
2736,ro2736,12/16/2023,sh018,U3064
2737,ro2737,12/17/2023,sh001,W1763
2738,ro2738,12/17/2023,sh001,H2843
2739,ro2739,12/17/2023,sh001,Z2504
2740,ro2740,12/17/2023,sh001,H8818
2741,ro2741,12/18/2023,sh002,E9371
2742,ro2742,12/18/2023,sh002,H2843
2743,ro2743,12/18/2023,sh002,Z2504
2744,ro2744,12/18/2023,sh002,H8818
2745,ro2745,12/19/2023,sh003,R3650
2746,ro2746,12/19/2023,sh003,J4757
2747,ro2747,12/19/2023,sh003,Z4564
2748,ro2748,12/19/2023,sh003,U3064
2749,ro2749,12/20/2023,sh004,W1763
2750,ro2750,12/20/2023,sh004,H2843
2751,ro2751,12/20/2023,sh004,Z2504
2752,ro2752,12/20/2023,sh004,H8818
2753,ro2753,12/21/2023,sh005,E9371
2754,ro2754,12/21/2023,sh005,H2843
2755,ro2755,12/21/2023,sh005,Z2504
2756,ro2756,12/21/2023,sh005,H8818
2757,ro2757,12/22/2023,sh006,R3650
2758,ro2758,12/22/2023,sh006,J4757
2759,ro2759,12/22/2023,sh006,Z4564
2760,ro2760,12/22/2023,sh006,U3064
2761,ro2761,12/23/2023,sh007,W1763
2762,ro2762,12/23/2023,sh007,H2843
2763,ro2763,12/23/2023,sh007,Z2504
2764,ro2764,12/23/2023,sh007,H8818
2765,ro2765,12/24/2023,sh008,E9371
2766,ro2766,12/24/2023,sh008,H2843
2767,ro2767,12/24/2023,sh008,Z2504
2768,ro2768,12/24/2023,sh008,H8818
2769,ro2769,12/25/2023,sh009,R3650
2770,ro2770,12/25/2023,sh009,J4757
2771,ro2771,12/25/2023,sh009,Z4564
2772,ro2772,12/25/2023,sh009,U3064
2773,ro2773,12/26/2023,sh010,W1763
2774,ro2774,12/26/2023,sh010,H2843
2775,ro2775,12/26/2023,sh010,Z2504
2776,ro2776,12/26/2023,sh010,H8818
2777,ro2777,12/27/2023,sh011,E9371
2778,ro2778,12/27/2023,sh011,H2843
2779,ro2779,12/27/2023,sh011,Z2504
2780,ro2780,12/27/2023,sh011,H8818
2781,ro2781,12/28/2023,sh012,R3650
2782,ro2782,12/28/2023,sh012,J4757
2783,ro2783,12/28/2023,sh012,Z4564
2784,ro2784,12/28/2023,sh012,U3064
2785,ro2785,12/29/2023,sh013,W1763
2786,ro2786,12/29/2023,sh013,H2843
2787,ro2787,12/29/2023,sh013,Z2504
2788,ro2788,12/29/2023,sh013,H8818
2789,ro2789,12/30/2023,sh014,E9371
2790,ro2790,12/30/2023,sh014,H2843
2791,ro2791,12/30/2023,sh014,Z2504
2792,ro2792,12/30/2023,sh014,H8818
2793,ro2793,12/31/2023,sh015,R3650
2794,ro2794,12/31/2023,sh015,J4757
2795,ro2795,12/31/2023,sh015,Z4564
2796,ro2796,12/31/2023,sh015,U3064
